,Date,TimeIndex,Wind_Trend,Solar_Trend,Load_Trend,Wind_Residual,Solar_Residual,Load_Residual,Wind_Total Generation,Solar_Total Generation,System Load
0,2024-01-01,2192,1122.0790183281993,224.05715056632172,6917.754256072567,0.24497627764578878,-0.81798794160548,-0.7751258320476933,1643,144.0,6924
1,2024-01-02,2193,1122.4438522281957,224.19081589102612,6917.6711638398,-0.7704790721648725,-1.1330292895119898,0.20860236172221988,800,82.0,7400
2,2024-01-03,2194,1122.8086861281922,224.32448121573051,6917.588071607033,-0.4157229291145942,-1.1286366427492893,0.6612926969259235,1095,83.0,7619
3,2024-01-04,2195,1123.1735200281887,224.4581465404349,6917.504979374267,0.36526772050226813,-0.7845284778463177,0.6325362576318557,1744,151.0,7605
4,2024-01-05,2196,1123.5383539281854,224.59181186513936,6917.4218871415005,0.5707213810263982,-0.7345024032737305,0.5314594874046484,1915,161.0,7556
5,2024-01-06,2197,1123.9031878281821,224.72547718984376,6917.338794908734,-0.09796691259450015,-1.1154587024611884,0.28367576014164003,1360,86.0,7436
6,2024-01-07,2198,1124.2680217281786,224.85914251454815,6917.255702675967,-0.9749562503849435,-1.1161364365662532,0.3768307358491553,632,86.0,7481
7,2024-01-08,2199,1124.632855628175,224.99280783925255,6917.1726104432,-0.04586717052036973,-0.9139989359607082,1.1373990513110894,1404,126.0,7849
8,2024-01-09,2200,1124.9976895281716,225.126473163957,6917.089518210433,1.5322060874215733,-1.0718584769664958,1.4413161343094738,2715,95.0,7996
9,2024-01-10,2201,1125.3625234281683,225.2601384886614,6917.006425977667,-0.24902651147481533,-1.2601403031788745,1.8444153854447358,1236,58.0,8191
10,2024-01-11,2202,1125.727357328165,225.3938038133658,6916.9233337449,-0.5167653963762998,-1.2253253712095826,2.261978702766628,1014,65.0,8393
11,2024-01-12,2203,1126.0921912281615,225.5274691380702,6916.840241512134,-1.6815232287131092,-0.901498729777672,2.107178258131944,47,129.0,8318
12,2024-01-13,2204,1126.457025128158,225.66113446277458,6916.757149279367,-1.6097193710954503,-0.8311911317340235,1.3097600157770615,107,143.0,7932
13,2024-01-14,2205,1126.8218590281547,225.79479978747904,6916.6740570466,-1.6330356434742892,-0.821728104103558,1.0433796319883881,88,145.0,7803
14,2024-01-15,2206,1127.1866929281514,225.92846511218343,6916.590964813833,-0.6136426427269648,-0.8021243147375618,1.3348989439696626,935,149.0,7944
15,2024-01-16,2207,1127.5515268281479,226.06213043688783,6916.507872581067,-0.04817735095026779,-1.1374471861151325,1.1532366621312387,1405,83.0,7856
16,2024-01-17,2208,1127.9163607281444,226.19579576159222,6916.4247803483,-0.9287788455760211,-1.4119254870795204,1.4220267272478115,674,29.0,7986
17,2024-01-18,2209,1128.2811946281408,226.32946108629662,6916.3416881155335,-0.5535538137923193,-1.2706325568871584,1.688750497194866,986,57.0,8115
18,2024-01-19,2210,1128.6460285281375,226.46312641100107,6916.258595882767,-0.16267610238894092,-1.20032495884351,1.825297671462266,1311,71.0,8181
19,2024-01-20,2211,1129.0108624281343,226.59679173570547,6916.17550365,-0.6326957700677873,-1.0235393625767915,0.7799240087651842,921,106.0,7675
20,2024-01-21,2212,1129.3756963281307,226.73045706040986,6916.092411417233,-1.5000526896307373,-1.0647801436239783,0.5218088056545842,201,98.0,7550
21,2024-01-22,2213,1129.7405302281272,226.86412238511426,6916.009319184467,-0.90930230000687,-1.2378508272330613,1.0736813089951658,692,64.0,7817
22,2024-01-23,2214,1130.105364128124,226.9977877098187,6915.9262269517,0.4387969727536674,-0.8278277110491418,0.9209471595300002,1812,145.0,7743
23,2024-01-24,2215,1130.4701980281204,227.1314530345231,6915.8431347189335,0.31434030898614784,-0.43808611833628297,0.5264564752311908,1709,222.0,7552
24,2024-01-25,2216,1130.8350319281171,227.2651183592275,6915.760042486167,1.3204887346706686,-0.5858048976065398,0.6692025350071458,2545,193.0,7621
25,2024-01-26,2217,1131.1998658281136,227.3987836839319,6915.6769502534,1.0479336406554378,-0.3481747309266382,0.2127229956227866,2319,240.0,7400
26,2024-01-27,2218,1131.56469972811,227.5324490086363,6915.593858020633,1.427974881552886,-0.42997855891594683,-0.3119442843556772,2635,224.0,7146
27,2024-01-28,2219,1131.9295336281068,227.66611433334074,6915.510765787867,1.3384357338600301,-1.1100873293015543,-0.4543469579732529,2561,90.0,7077
28,2024-01-29,2220,1132.2943675281035,227.79977965804514,6915.4276735551,1.353649134391165,-1.2020319190263935,0.254563978250723,2574,72.0,7420
29,2024-01-30,2221,1132.6592014281,227.93344498274953,6915.344581322333,1.4663907694756708,-1.0556686079662663,0.1948131114138822,2668,101.0,7391
30,2024-01-31,2222,1133.0240353280965,228.06711030745393,6915.261489089567,0.23661411410328106,-0.5138155892204502,-0.00544582695020471,1647,208.0,7294
31,2024-02-01,2223,1133.388869228093,228.20077563215833,6915.1783968568,0.43845561779210124,-0.367452278160323,0.09184173909634714,1815,237.0,7341
32,2024-02-02,2224,1133.7537031280897,228.33444095686278,6915.095304624033,-0.6576712346738177,-0.43911534441410144,-0.18073753020088112,905,223.0,7209
33,2024-02-03,2225,1134.1185370280864,228.46810628156717,6915.012212391267,0.5555741829018118,-1.3473912538491444,0.0880525349156898,1913,44.0,7339
34,2024-02-04,2226,1134.4833709280829,228.60177160627157,6914.9291201585,-0.6609578974077748,-1.1148314680370082,0.0634286859606605,903,90.0,7327
35,2024-02-05,2227,1134.8482048280794,228.73543693097596,6914.846027925733,-1.5668444898806984,-0.8670605396215761,0.2495669442965003,151,139.0,7417
36,2024-02-06,2228,1135.213038728076,228.86910225568036,6914.7629356929665,-1.5612635075770571,-1.1973130301313817,0.24767234220617257,156,74.0,7416
37,2024-02-07,2229,1135.5778726280728,229.0027675803848,6914.6798434602,-1.5532744207165423,-1.1929203833686814,0.35735767926983436,163,75.0,7469
38,2024-02-08,2230,1135.9427065280693,229.1364329050892,6914.596751227433,-1.706628339166542,-1.1479646896638591,0.2252864814998522,36,84.0,7405
39,2024-02-09,2231,1136.3075404280657,229.2700982297936,6914.513658994667,-1.209794027260736,-0.5503374813726254,0.28951332483410896,449,202.0,7436
40,2024-02-10,2232,1136.6723743280622,229.403763554498,6914.4305667619,0.32493334865748713,-0.3431295998993153,0.04792848307965559,1724,243.0,7319
41,2024-02-11,2233,1137.037208228059,229.53742887920245,6914.347474529133,0.21251720767433407,-0.49084837916957236,-0.3176340688458973,1631,214.0,7142
42,2024-02-12,2234,1137.4020421280557,229.67109420390685,6914.264382296366,-0.0937513501371241,-0.7095524905885426,0.18051476008720954,1377,171.0,7383
43,2024-02-13,2235,1137.7668760280521,229.80475952861124,6914.1812900636,-0.06649742682162221,-0.8369897463877384,0.3997137411353426,1400,146.0,7489
44,2024-02-14,2236,1138.1317099280486,229.93842485331564,6914.098197830833,-0.7785316024662406,-0.2292217763609742,0.3812887776888682,809,266.0,7480
45,2024-02-15,2237,1138.496543828045,230.07209017802003,6914.015105598066,-1.5230751896286494,-0.46820741125100535,0.36699640458143057,191,219.0,7473
46,2024-02-16,2238,1138.8613777280418,230.2057555027245,6913.9320133653,0.28015584438095237,0.3119535082797767,0.3981625252033941,1689,373.0,7488
47,2024-02-17,2239,1139.2262116280385,230.33942082742888,6913.848921132533,0.6517687193293439,0.4076130106622515,-0.2897420731670174,1998,392.0,7155
48,2024-02-18,2240,1139.591045528035,230.47308615213328,6913.765828899766,0.517679637334331,0.11285318622680272,-0.47966953568351267,1887,334.0,7063
49,2024-02-19,2241,1139.9558794280315,230.60675147683767,6913.6827366669995,-0.5447337513353608,0.34034259117117377,-0.5208237459946885,1005,379.0,7043
50,2024-02-20,2242,1140.3207133280282,230.74041680154207,6913.599644434233,-0.020206237025511165,-0.2637104661979547,-0.033006392909173336,1441,260.0,7279
51,2024-02-21,2243,1140.685547228025,230.87408212624652,6913.516552201466,-0.30480185382510916,0.3288463612255134,-0.14028204864493563,1205,377.0,7227
52,2024-02-22,2244,1141.0503811280214,231.00774745095092,6913.4334599687,1.5188980689179161,0.1405645350131347,0.1119776551154887,2720,340.0,7349
53,2024-02-23,2245,1141.4152150280179,231.1414127756553,6913.350367735933,2.220421268157958,0.30213898867655764,0.15347525158504577,3303,372.0,7369
54,2024-02-24,2246,1141.7800489280144,231.2750781003597,6913.267275503166,0.7004680136823286,-0.849515202411217,-0.3484627815287165,2041,145.0,7126
55,2024-02-25,2247,1142.144882828011,231.40874342506416,6913.184183270399,0.9914093859754626,-0.41414018188847124,-0.2821696430249395,2283,231.0,7158
56,2024-02-26,2248,1142.5097167280078,231.54240874976855,6913.101091037633,0.6574476257599609,-0.16636925347303924,0.7490833396438951,2006,280.0,7657
57,2024-02-27,2249,1142.8745506280043,231.67607407447295,6913.017998804866,-1.6102220936248457,-0.22789155799128694,0.5570895819578815,123,268.0,7564
58,2024-02-28,2250,1143.2393845280008,231.80973939917735,6912.9349065721,1.4921813488179319,-0.18293586428646455,0.9188629297027769,2700,277.0,7739
59,2024-02-29,2251,1143.6042184279975,231.94340472388174,6912.851814339333,1.6506769704830313,-0.0010798871519806712,0.6938084493044702,2832,313.0,7630
60,2024-03-01,2252,1143.969052327994,232.0770700485862,6912.768722106566,-0.8156613748438268,-0.868792749644902,0.4170965896682053,784,142.0,7496
61,2024-03-02,2253,1144.3338862279907,232.2107353732906,6912.685629873799,-0.10450575737629204,-1.0266522906506894,0.3118872291019613,1375,111.0,7445
62,2024-03-03,2254,1144.6987201279871,232.34440069799498,6912.6025376410325,-0.23137052570068495,0.10336490875589471,0.217009344383309,1270,334.0,7399
63,2024-03-04,2255,1145.0635540279836,232.47806602269938,6912.519445408266,-0.6929618274304744,-0.06970577485318828,0.7626829622153373,887,300.0,7663
64,2024-03-05,2256,1145.4283879279803,232.61173134740378,6912.4363531755,-1.4784431920597305,-0.4658732166439419,0.5706892045293218,235,222.0,7570
65,2024-03-06,2257,1145.793221827977,232.74539667210823,6912.353260942733,-1.4680460006423424,-0.025427815253430987,0.5378001748962192,244,309.0,7554
66,2024-03-07,2258,1146.1580557279735,232.87906199681262,6912.270168709966,-0.596751430142729,0.6989589147319336,0.40779527229575535,968,452.0,7491
67,2024-03-08,2259,1146.52288962797,233.01272732151702,6912.187076477199,0.9223232661558168,0.6070143250070945,-0.06728092361426873,2230,434.0,7261
68,2024-03-09,2260,1146.8877235279665,233.14639264622141,6912.1039842444325,1.5046452898306273,0.05873545718338372,-0.5485560050328477,2714,326.0,7028
69,2024-03-10,2261,1147.2525574279632,233.28005797092587,6912.020892011666,1.8666257465515252,0.27608410039222403,-0.5545831974622122,3015,369.0,7025
70,2024-03-11,2262,1147.61739132796,233.41372329563026,6911.9377997789,0.8571906581330473,0.5948403609563694,-0.18041207870020667,2177,432.0,7206
71,2024-03-12,2263,1147.9822252279564,233.54738862033466,6911.854707546133,0.10301465274314514,0.5840218651157741,-0.2401629455370475,1551,430.0,7177
72,2024-03-13,2264,1148.347059127953,233.68105394503905,6911.771615313366,-0.752301744035438,-0.14172033307972015,-0.4590185404267993,841,287.0,7071
73,2024-03-14,2265,1148.7118930279496,233.81471926974345,6911.688523080599,-0.11820547238785062,0.49646992215363545,-0.5167031120941218,1368,413.0,7043
74,2024-03-15,2266,1149.0767269279463,233.9483845944479,6911.605430847832,0.4785651786281997,0.3183288576767869,-0.4483436784208265,1864,378.0,7076
75,2024-03-16,2267,1149.4415608279428,234.0820499191523,6911.522338615066,-1.3387889886212894,0.7232815929929414,-1.3738722212858452,355,458.0,6628
76,2024-03-17,2268,1149.8063947279393,234.2157152438567,6911.4392463823,0.6859876646206616,1.0166859492182605,-1.2269935711708555,2037,516.0,6699
77,2024-03-18,2269,1150.1712286279358,234.3493805685611,6911.356154149533,0.5591228962962688,0.9754451681710741,-0.7226458567291938,1932,508.0,6943
78,2024-03-19,2270,1150.5360625279325,234.48304589326548,6911.273061916766,-0.3756609508591354,-0.6274729201478071,-0.5551042549190189,1156,192.0,7024
79,2024-03-20,2271,1150.9008964279292,234.61671121796994,6911.189969683999,-0.7264794429727507,-0.8258955080957167,-0.2739164187853361,865,153.0,7160
80,2024-03-21,2272,1151.2657303279257,234.75037654267433,6911.106877451232,-1.3337610703933782,-0.5882653414158151,-0.13117035900938115,361,200.0,7229
81,2024-03-22,2273,1151.6305642279222,234.88404186737873,6911.0237852184655,-1.1620208736654751,-0.03120118006670334,-0.11860089491308061,504,310.0,7235
82,2024-03-23,2274,1151.9953981279186,235.01770719208312,6910.9406929857,-0.34370460341707554,-0.3462425279732131,-0.3891138690407924,1184,248.0,7104
83,2024-03-24,2275,1152.3602320279153,235.15137251678757,6910.857600752933,-0.7234203502131711,0.20575125250813311,-0.5273839523193296,869,357.0,7037
84,2024-03-25,2276,1152.725065927912,235.28503784149197,6910.774508520166,0.7270233662144839,0.5447890365433394,0.1257370143276516,2074,424.0,7353
85,2024-03-26,2277,1153.0898998279085,235.41870316619637,6910.691416287399,0.1089052682879264,0.7114338710745276,0.043256900626109214,1561,457.0,7313
86,2024-03-27,2278,1153.454733727905,235.55236849090076,6910.608324054632,0.3721534381770172,0.8324452777958286,-0.22932236867111905,1780,481.0,7181
87,2024-03-28,2279,1153.8195676279017,235.68603381560516,6910.525231821865,0.15980095808361988,0.050928890054916694,-0.05351558618287086,1604,327.0,7266
88,2024-03-29,2280,1154.1844015278984,235.8196991403096,6910.442139589099,-1.0579351745044039,0.04011039421432113,-0.5141277159062666,593,325.0,7043
89,2024-03-30,2281,1154.549235427895,235.953364465014,6910.359047356333,-0.9054598142314871,0.9318196928359387,-0.7557125576607219,720,501.0,6926
90,2024-03-31,2282,1154.9140693278914,236.0870297897184,6910.275955123566,-0.5470915143458989,1.179590621251371,-0.9766344477199921,1018,550.0,6819
91,2024-04-01,2283,1155.278903227888,236.2206951144228,6910.192862890799,0.4783217477936091,1.265109361898315,-0.7326399246376392,1870,567.0,6937
92,2024-04-02,2284,1155.6437371278846,236.3543604391272,6910.109770658032,1.0618478237468558,-0.06400815956124288,-0.7262693460498936,2355,305.0,6940
93,2024-04-03,2285,1156.0085710278813,236.48802576383164,6910.026678425265,1.3732580847734135,0.32066305228385034,-0.6703076833937083,2614,381.0,6967
94,2024-04-04,2286,1156.3734049278778,236.62169108853604,6909.9435861924985,0.5588794654616777,-0.9628210413658205,-0.595749364211858,1938,128.0,7003
95,2024-04-05,2287,1156.7382388278743,236.75535641324043,6909.860493959733,-1.0417452916692094,-0.6896982086115623,-0.8662623383395698,609,182.0,6872
96,2024-04-06,2288,1157.103072727871,236.88902173794483,6909.777401726966,-0.7134782987445382,-0.3861530906507125,-1.1119797704330596,882,242.0,6753
97,2024-04-07,2289,1157.4679066278675,237.02268706264928,6909.694309494199,-0.7211418915036999,0.023870025533206912,-1.3452994315094398,876,323.0,6640
98,2024-04-08,2290,1157.8327405278642,237.15635238735368,6909.611217261432,0.8749921506147932,0.7837494215929282,-0.7087088262186053,2202,473.0,6948
99,2024-04-09,2291,1158.1975744278607,237.29001771205807,6909.528125028665,1.4657425402386604,0.4027931224054704,-0.5411672244084305,2693,398.0,7029
100,2024-04-10,2292,1158.5624083278572,237.42368303676247,6909.445032795898,0.24439425081532717,1.0409833776388262,-0.7062991448907058,1679,524.0,6949
101,2024-04-11,2293,1158.9272422278539,237.55734836146686,6909.3619405631325,0.3210143175467326,0.70059012539349,-0.7681163068970668,1743,457.0,6919
102,2024-04-12,2294,1159.2920761278506,237.69101368617132,6909.278848330366,0.7167082380638576,0.5579417269909982,-0.7948064510216144,2072,429.0,6906
103,2024-04-13,2295,1159.656910027847,237.8246790108757,6909.195756097599,-0.12054737453817523,1.3279618847862502,-1.2988107793048949,1377,581.0,6662
104,2024-04-14,2296,1160.0217439278435,237.9583443355801,6909.112663864832,-0.35457279564343247,1.3931991019621333,-1.3647605316502907,1183,594.0,6630
105,2024-04-15,2297,1160.38657782784,238.0920096602845,6909.029571632065,0.582944650170198,0.3378821473618984,-0.4574852591525558,1962,386.0,7069
106,2024-04-16,2298,1160.7514117278367,238.2256749849889,6908.946479399298,1.0942275894172442,-0.621097570750797,0.06339281664525265,2387,197.0,7321
107,2024-04-17,2299,1161.1162456278335,238.35934030969335,6908.863387166532,1.729527913343268,0.2908932513418814,0.11108929862336282,2915,377.0,7344
108,2024-04-18,2300,1161.48107952783,238.49300563439775,6908.780294933766,0.6647064201167031,0.9442946491785329,-0.1325618383006089,2031,506.0,7226
109,2024-04-19,2301,1161.8459134278264,238.62667095910214,6908.697202700999,-1.1887693154858863,1.0855875793708947,-0.760543876754989,492,534.0,6922
110,2024-04-20,2302,1162.2107473278231,238.76033628380654,6908.614110468232,-0.2271708241035223,1.5615256468357628,-1.1323053141890966,1291,628.0,6742
111,2024-04-21,2303,1162.5755812278198,238.894001608511,6908.531018235465,1.9709893572333095,0.23747850624396952,-0.7395375389014246,3117,367.0,6932
112,2024-04-22,2304,1162.9404151278163,239.0276669332154,6908.447926002698,1.5780290353744109,0.5613051476758801,-0.33437199259664235,2791,431.0,7128
113,2024-04-23,2305,1163.3052490278128,239.16133225791978,6908.364833769932,-0.7462311410969192,1.4276625419586717,-0.9168955373216212,861,602.0,6846
114,2024-04-24,2306,1163.6700829278093,239.29499758262418,6908.2817415371655,0.6042762362204919,0.49403472818480243,-0.6088458639842002,1983,418.0,6995
115,2024-04-25,2307,1164.034916827806,239.42866290732857,6908.198649304399,0.3967399652408412,0.65053880098046,-0.5694145626841615,1811,449.0,7014
116,2024-04-26,2308,1164.3997507278027,239.56232823203302,6908.115557071632,0.15428617818652693,0.14789336096663616,-0.684955399097997,1610,350.0,6958
117,2024-04-27,2309,1164.7645846277992,239.69599355673742,6908.032464838865,0.5355314713624122,0.370312385043242,-1.2674789438229739,1927,394.0,6676
118,2024-04-28,2310,1165.1294185277957,239.82965888144182,6907.949372606098,1.5994744064118938,1.0642768298220153,-1.2487105942181183,2811,531.0,6685
119,2024-04-29,2311,1165.4942524277922,239.9633242061462,6907.866280373332,0.9127253286144457,0.39430882117193855,-0.8642079996085213,2241,399.0,6871
120,2024-04-30,2312,1165.8590863277889,240.0969895308506,6907.7831881405655,0.38370709929220204,-0.25030728313931183,-0.7111304639849747,1802,272.0,6945
121,2024-05-01,2313,1166.2239202277856,240.23065485555506,6907.700095907799,-0.2283907372421724,-0.778304627491962,-0.8555994327720668,1294,168.0,6875
122,2024-05-02,2314,1166.588754127782,240.36432018025945,6907.617003675032,0.6152106308533972,-0.4494076051922861,-0.9442784319821642,1995,233.0,6832
123,2024-05-03,2315,1166.9535880277786,240.49798550496385,6907.533911442265,-1.1985313795607817,0.685679975082063,-1.36769724865423,489,457.0,6627
124,2024-05-04,2316,1167.3184219277753,240.63165082966825,6907.450819209498,-0.2778706656452649,1.4861224180839063,-1.842773444564254,1254,615.0,6397
125,2024-05-05,2317,1167.683255827772,240.7653161543727,6907.367726976732,0.22257580309585118,-0.33989242841664546,-1.8859939500449503,1670,255.0,6376
126,2024-05-06,2318,1168.0480897277685,240.8989814790771,6907.284634743965,0.5737197893108196,0.10562335384163093,-1.0324423519546917,1962,343.0,6789
127,2024-05-07,2319,1168.412923627765,241.0326468037815,6907.201542511199,1.5798682149953405,-1.2488460719567533,-0.662403823531721,2798,76.0,6968
128,2024-05-08,2320,1168.7777575277614,241.16631212848588,6907.118450278432,0.752245020620801,-0.2202364899054741,-1.0610270981695669,2111,279.0,6775
129,2024-05-09,2321,1169.1425914277581,241.29997745319028,6907.035358045665,-0.5810801306971435,1.528367175368469,-1.4162581742475282,1004,624.0,6603
130,2024-05-10,2322,1169.5074253277548,241.43364277789473,6906.952265812898,-0.2961590197961928,1.4972671560568127,-1.273512114471573,1241,618.0,6672
131,2024-05-11,2323,1169.8722592277513,241.56730810259913,6906.869173580131,0.04053633907753538,1.2887038063733733,-1.7568534910596705,1521,577.0,6438
132,2024-05-12,2324,1170.2370931277478,241.70097342730352,6906.786081347365,0.03287274631837361,1.2373222635906558,-1.7091570090815604,1515,567.0,6461
133,2024-05-13,2325,1170.6019270277445,241.83463875200792,6906.7029891145985,-1.0512135833631788,-0.015739544852423473,-1.448632124643061,615,320.0,6587
134,2024-05-14,2326,1170.966760927741,241.96830407671231,6906.619896881832,-1.1154676332088644,0.5463949973644535,-1.3802726909697656,562,431.0,6620
135,2024-05-15,2327,1171.3315948277377,242.10196940141677,6906.536804649065,-0.31400809485857867,0.7941659257798851,-1.214797384329109,1228,480.0,6700
136,2024-05-16,2328,1171.6964287277342,242.23563472612116,6906.453712416298,0.2707220333731052,-0.20030645840716682,-1.1960290347242535,1714,284.0,6709
137,2024-05-17,2329,1172.0612626277307,242.36930005082556,6906.370620183531,0.8048819659104485,-0.7080222792887558,-1.1338684865595132,2158,184.0,6739
138,2024-05-18,2330,1172.4260965277274,242.50296537552995,6906.287527950765,0.5082458263264839,0.9290330068943525,-1.6068783873000207,1912,507.0,6510
139,2024-05-19,2331,1172.790930427724,242.6366307002344,6906.204435717998,-0.17248299007878135,0.35033185386404975,-1.8401980483764009,1347,393.0,6397
140,2024-05-20,2332,1173.1557643277206,242.7702960249388,6906.121343485232,-0.3005518106816109,-0.08639863486882575,-1.7119160547870742,1241,307.0,6459
141,2024-05-21,2333,1173.520598227717,242.9039613496432,6906.038251252465,-0.8488348764588411,0.7799587594139656,-1.3191482794994018,786,478.0,6649
142,2024-05-22,2334,1173.8854321277136,243.0376266743476,6905.955159019698,-0.22918723215249365,-0.03197991353353769,-1.1887999907405569,1301,318.0,6712
143,2024-05-23,2335,1174.2502660277103,243.171291999052,6905.872066786931,-1.5576961743566915,0.17522796793977238,-1.256816038255471,198,359.0,6679
144,2024-05-24,2336,1174.615099927707,243.30495732375644,6905.788974554165,-1.295652056746038,0.9401777448672589,-1.204986965938324,416,510.0,6704
145,2024-05-25,2337,1174.9799338277035,243.43862264846084,6905.705882321398,-0.6374747395297166,0.8938665829523067,-1.4155773801500027,963,501.0,6602
146,2024-05-26,2338,1175.3447677277,243.57228797316523,6905.6227900886315,0.5047315936181493,0.5737548541780317,-1.2397705976617543,1912,438.0,6687
147,2024-05-27,2339,1175.7096016276967,243.70595329786963,6905.539697855865,-0.0278987925394044,1.7240535770556766,-0.8986602016120404,1470,665.0,6852
148,2024-05-28,2340,1176.0744355276934,243.83961862257402,6905.456605623098,-0.1800486587109678,1.2670415648517404,-1.1071843206542005,1344,575.0,6751
149,2024-05-29,2341,1176.4392694276899,243.97328394727847,6905.373513390331,1.278823423665744,0.6731292692181419,-0.8321953700290728,2556,458.0,6884
150,2024-05-30,2342,1176.8041033276863,244.10694927198287,6905.290421157565,1.0171048001564433,0.2009061144109097,-1.0200565373760517,2339,365.0,6793
151,2024-05-31,2343,1177.1689372276828,244.24061459668727,6905.207328924798,0.1413195146444368,0.813744465305439,-1.4455416492176358,1612,486.0,6587
152,2024-06-01,2344,1177.5337711276795,244.37427992139166,6905.124236692031,-0.4707783218899376,1.0767265363241667,-1.8111042011431886,1104,538.0,6410
153,2024-06-02,2345,1177.8986050276762,244.5079452460961,6905.041144459265,-0.3845258369310388,1.3853420351527814,-1.893584314844731,1176,599.0,6370
154,2024-06-03,2346,1178.2634389276727,244.6416105708005,6904.958052226498,0.9394923902607653,0.5024180300565647,-0.9263864824309647,2276,425.0,6838
155,2024-06-04,2347,1178.6282728276692,244.7752758955049,6904.874959993731,1.2689634354638732,1.3231419965294688,-1.033662138166727,2550,587.0,6786
156,2024-06-05,2348,1178.9931067276657,244.9089412202093,6904.791867760965,1.3311348748540388,1.5557017823416055,-1.0789489388169413,2602,633.0,6764
157,2024-06-06,2349,1179.3579406276624,245.0426065449137,6904.708775528198,-0.02867942658951251,1.9150210898478726,-1.304003419215248,1473,704.0,6655
158,2024-06-07,2350,1179.722774527659,245.17627186961815,6904.625683295431,-0.15795229947077905,1.7013873592966673,-1.0124841072339739,1366,662.0,6796
159,2024-06-08,2351,1180.0876084276556,245.30993719432254,6904.5425910626645,-0.7267042539814328,0.5395924064733624,-1.4111073818718198,894,433.0,6603
160,2024-06-09,2352,1180.452442327652,245.44360251902694,6904.459498829898,-1.0269525504007075,1.4008794198883885,-1.4563941825220323,645,603.0,6581
161,2024-06-10,2353,1180.8172762276488,245.57726784373133,6904.376406597131,-0.0677621635752169,0.7258410303705466,-0.470599693582601,1442,470.0,7058
162,2024-06-11,2354,1181.1821101276455,245.71093316843573,6904.293314364365,0.2003022154276203,1.2575532873808322,-0.5572123976231819,1665,575.0,7016
163,2024-06-12,2355,1181.546944027642,245.84459849314018,6904.210222131598,0.729645938851217,1.2011013637303494,-0.7492061553091955,2105,564.0,6923
164,2024-06-13,2356,1181.9117779276385,245.97826381784458,6904.127129898831,-0.7541857472713122,1.7226728590051048,-0.7201063298567484,873,667.0,6937
165,2024-06-14,2357,1182.276611827635,246.11192914254897,6904.0440376660645,1.1586140440760275,1.0020010416773755,-0.4058577710107724,2462,525.0,7089
166,2024-06-15,2358,1182.6414457276317,246.24559446725337,6903.960945433298,0.10824117819070238,0.25597732001082024,-1.1020275500592571,1590,378.0,6752
167,2024-06-16,2359,1183.0062796276284,246.37925979195782,6903.877853200531,0.4967107850372074,-0.6421578276886926,-1.296087602914789,1913,201.0,6658
168,2024-06-17,2360,1183.3711135276249,246.51292511666222,6903.794760967765,-1.1147504425996098,0.4422259439080043,-0.9219164841527837,575,415.0,6839
169,2024-06-18,2361,1183.7359474276213,246.6465904413666,6903.711668734998,-1.2644922042142994,0.40098516286081753,-1.0973798804826504,451,407.0,6754
170,2024-06-19,2362,1184.100781327618,246.780255766071,6903.628576502231,-1.6694930488575652,1.5157912196641057,-1.091009301894905,115,627.0,6757
171,2024-06-20,2363,1184.4656152276145,246.9139210907754,6903.545484269464,-1.243697821379523,1.6114507220465808,-0.9833902600007617,469,646.0,6809
172,2024-06-21,2364,1184.8304491276112,247.04758641547986,6903.462392036698,-1.2670140937583618,1.0530310924873392,-0.7600586886135919,450,536.0,6917
173,2024-06-22,2365,1185.1952830276077,247.18125174018425,6903.379299803931,-1.1434359881679257,1.9396700102411912,-1.0760301564707049,553,711.0,6764
174,2024-06-23,2366,1185.5601169276042,247.31491706488865,6903.296207571164,0.7163855029282004,1.1175905755581577,-0.9353503918642684,2098,549.0,6832
175,2024-06-24,2367,1185.924950827601,247.44858238959304,6903.213115338398,0.3667710630930217,1.563106357816434,-0.6789580977648074,1808,637.0,6956
176,2024-06-25,2368,1186.2897847275976,247.58224771429744,6903.130023105631,-0.37416036723407725,1.6841177645377352,-0.71184712739791,1193,661.0,6940
177,2024-06-26,2369,1186.6546186275941,247.7159130390019,6903.046930872864,0.253915643021327,0.7961233785737526,-0.3376760086359027,1715,486.0,7121
178,2024-06-27,2370,1187.0194525275906,247.84957836370629,6902.9638386400975,0.7363013275858932,-0.9639765166458508,-0.24038844258935083,2116,139.0,7168
179,2024-06-28,2371,1187.384286427587,247.98324368841068,6902.880746407331,0.16273316396149273,0.6832195312727877,-0.8725030713827675,1640,464.0,6862
180,2024-06-29,2372,1187.7491203275838,248.11690901311508,6902.797654174564,0.04429676158615632,1.9298554906379721,-1.3289826107671265,1542,710.0,6641
181,2024-06-30,2373,1188.1139542275805,248.25057433781953,6902.714561941798,-0.1849124504053545,-0.13953763751531117,-1.2378939302291316,1352,302.0,6685
182,2024-07-01,2374,1188.478788127577,248.38423966252392,6902.631469709031,-0.22628950696074326,0.3871042386272091,-1.338970700456339,1318,406.0,6636
183,2024-07-02,2375,1188.8436220275735,248.51790498722832,6902.548377476264,-0.11234381959780053,0.888394210430903,-0.8118937391499756,1413,505.0,6891
184,2024-07-03,2376,1189.2084559275702,248.65157031193272,6902.465285243497,-0.07786558261167885,0.11701858442552174,-0.8489153591221149,1442,353.0,6873
185,2024-07-04,2377,1189.573289827567,248.7852356366371,6902.382193010731,-1.0090372729317731,1.6019624445756726,-0.5821915891750604,669,646.0,7002
186,2024-07-05,2378,1189.9381237275634,248.91890096134156,6902.299100777964,-1.064862956828402,1.504947473983068,-0.3939870356697023,623,627.0,7093
187,2024-07-06,2379,1190.3029576275599,249.05256628604596,6902.216008545198,-0.8004107346608744,1.2913137434318631,-0.7946766054770685,843,585.0,6899
188,2024-07-07,2380,1190.6677915275563,249.18623161075035,6902.132916312431,-1.4281612508149255,1.772322191764496,-0.34818515578191983,322,680.0,7115
189,2024-07-08,2381,1191.032625427553,249.31989693545475,6902.049824079664,-1.2070549106711188,1.426858558651395,0.7905151757018676,506,612.0,7666
190,2024-07-09,2382,1191.3974593275498,249.45356226015915,6901.966731846897,-0.9666837340723249,1.8166001513642536,1.3072606611606394,706,689.0,7916
191,2024-07-10,2383,1191.7622932275463,249.5872275848636,6901.8836396141305,-0.16763230027891243,1.5066291843255089,1.9169894292477359,1370,628.0,8211
192,2024-07-11,2384,1192.1271271275427,249.720892909568,6901.800547381364,-0.579857458592798,0.6034236557582312,1.4935706125756698,1028,450.0,8006
193,2024-07-12,2385,1192.4919610275392,249.8545582342724,6901.717455148598,-0.3105890273115239,0.9018983928513156,0.3758766189454449,1252,509.0,7465
194,2024-07-13,2386,1192.856794927536,249.98822355897678,6901.634362915831,-0.7733843813197502,1.2307954151509917,-0.29549761806882,868,574.0,7140
195,2024-07-14,2387,1193.2216288275326,250.12188888368124,6901.551270683064,-0.8159654901535759,0.920824448112247,-0.4730273095682054,833,513.0,7054
196,2024-07-15,2388,1193.5864627275291,250.25555420838563,6901.468178450297,-1.305249994287409,1.3714106112382882,0.7111315156449852,427,602.0,7627
197,2024-07-16,2389,1193.9512966275256,250.38921953309003,6901.38508621753,-1.4140539784352517,1.3504513536621627,1.2754017900026786,337,598.0,7900
198,2024-07-17,2390,1194.3161305275223,250.52288485779442,6901.301993984764,-0.5066378395825384,1.020198863152357,1.7818157996138586,1091,533.0,8145
199,2024-07-18,2391,1194.680964427519,250.65655018249882,6901.218901751998,-0.9874939777673148,0.2893862840890976,1.9121640883727018,692,389.0,8208
200,2024-07-19,2392,1195.0457983275155,250.79021550720327,6901.135809519231,-1.5983877620232525,1.2470105339916633,1.5486678316166673,185,578.0,8032
201,2024-07-20,2393,1195.410632227512,250.92388083190767,6901.052717286464,-1.6132756684530343,1.1550659442668239,0.8917576607890306,173,560.0,7714
202,2024-07-21,2394,1195.7754661275085,251.05754615661206,6900.969625053697,-1.4018017465367207,1.1645289718972898,1.290724321585258,349,562.0,7907
203,2024-07-22,2395,1196.1403000275052,251.19121148131646,6900.88653282093,-0.577465214896138,0.9407544796105541,2.088485950098522,1034,518.0,8293
204,2024-07-23,2396,1196.505133927502,251.32487680602085,6900.8034405881635,0.36246033547436546,1.1935957888937516,1.780779662919482,1815,568.0,8144
205,2024-07-24,2397,1196.8699678274984,251.4585421307253,6900.720348355398,-0.5157330545945145,1.0661585330945555,1.2189190698896866,1086,543.0,7872
206,2024-07-25,2398,1197.2348017274949,251.5922074554297,6900.637256122631,1.135787392332066,0.5178796652708445,0.14668356998886647,2458,435.0,7353
207,2024-07-26,2399,1197.5996356274916,251.7258727801341,6900.554163889864,1.3954234053858463,0.9988881136034778,-0.229210457784278,2674,530.0,7171
208,2024-07-27,2400,1197.964469527488,251.8595381048385,6900.471071657097,-0.23891481554126728,0.3086385814823401,-1.1030816214113386,1317,394.0,6748
209,2024-07-28,2401,1198.3293034274848,251.9932034295429,6900.38797942433,-0.4922050731015116,1.0482364540710007,-0.6834520089199282,1107,540.0,6951
210,2024-07-29,2402,1198.6941373274813,252.12686875424734,6900.3048871915635,0.2105221784169666,0.8599546278586214,0.37259651578312625,1691,503.0,7462
211,2024-07-30,2403,1199.0589712274777,252.26053407895174,6900.221794958798,-0.5809794476044725,0.7071654677205994,0.4016963412355715,1034,473.0,7476
212,2024-07-31,2404,1199.4238051274745,252.39419940365613,6900.138702726031,0.11572754252182206,1.5735228620033912,0.9473699590675998,1613,644.0,7740
213,2024-08-01,2405,1199.7886390274712,252.52786472836053,6900.055610493264,-0.6938348676761675,1.5880562705016217,0.49089041968324065,941,647.0,7519
214,2024-08-02,2406,1200.1534729274676,252.66153005306498,6899.972518260497,-0.1560627783035142,1.323718731272764,0.4352721431854365,1388,595.0,7492
215,2024-08-03,2407,1200.5183068274641,252.79519537776937,6899.88942602773,0.3082621220845018,0.7500879591102271,-0.3642123943389646,1774,482.0,7105
216,2024-08-04,2408,1200.8831407274606,252.92886070247377,6899.806333794963,-0.8974334877191545,0.19166832955098584,-0.7876312110110305,773,372.0,6900
217,2024-08-05,2409,1201.2479746274573,253.06252602717817,6899.723241562197,-0.8172012641524391,0.9515477256107074,-0.8742439150516096,840,522.0,6858
218,2024-08-06,2410,1201.612808527454,253.19619135188256,6899.640149329431,-0.9476781893121423,-0.5753146496916952,-0.5847908982398554,732,221.0,6998
219,2024-08-07,2411,1201.9776424274505,253.329856676587,6899.557057096664,-1.592285437364307,-0.19571381871436716,-0.6259451085510312,197,296.0,6978
220,2024-08-08,2412,1202.342476327447,253.4635220012914,6899.473964863897,-1.4253614497501503,1.0357109980475219,-0.6505689575060606,336,539.0,6966
221,2024-08-09,2413,1202.7073102274437,253.5971873259958,6899.39087263113,-0.8550799488597068,1.420382209892615,-0.5429499156119171,810,615.0,7018
222,2024-08-10,2414,1203.0721441274402,253.7308526507002,6899.307780398363,-0.5400575309978389,1.1915373367381148,-0.9436394854192816,1072,570.0,6824
223,2024-08-11,2415,1203.436978027437,253.8645179754046,6899.2246881655965,-0.7451856974206161,0.8917071314349004,-0.8194900821689914,902,511.0,6884
224,2024-08-12,2416,1203.8018119274334,253.99818330010905,6899.141595932831,-0.5445482460102326,0.7946921608422958,0.05059187727741195,1069,492.0,7305
225,2024-08-13,2417,1204.1666458274299,254.13184862481344,6899.058503700064,-1.265010787603908,0.9714777571090146,-0.18272778379896815,471,527.0,7192
226,2024-08-14,2418,1204.5314797274266,254.26551394951784,6898.975411467297,-1.1968190868215594,1.0012223082105411,-0.312732686399432,528,533.0,7129
227,2024-08-15,2419,1204.8963136274233,254.39917927422223,6898.89231923453,-1.0118343150308529,0.5999844855520223,-0.16585403628444034,682,454.0,7200
228,2024-08-16,2420,1205.2611475274198,254.5328445989267,6898.809227001763,-0.5920593489449937,-0.6327957994199964,-0.6347313466859095,1031,211.0,6973
229,2024-08-17,2421,1205.6259814274163,254.66650992363108,6898.726134768996,-1.2764003221855686,1.0600336763085292,-1.2213874817499228,463,545.0,6689
230,2024-08-18,2422,1205.9908153274127,254.80017524833548,6898.6430425362305,-1.210616725960093,0.9123148970382727,-1.0497132896007133,518,516.0,6772
231,2024-08-19,2423,1206.3556492274095,254.93384057303987,6898.559950303464,-0.37423967153514376,1.0992412550405215,0.16957255349428874,1213,553.0,7362
232,2024-08-20,2424,1206.7204831274062,255.06750589774427,6898.476858070697,0.13824731999033912,0.7994110497373076,0.21313644513336413,1639,494.0,7383
233,2024-08-21,2425,1207.0853170274027,255.20117122244872,6898.39376583793,-0.17765365604861225,0.6111292235249286,-0.45617149671138246,1377,457.0,7059
234,2024-08-22,2426,1207.4501509273991,255.33483654715312,6898.310673605163,-1.2605359334517277,0.9349558649568392,-0.6192371220241395,478,521.0,6980
235,2024-08-23,2427,1207.8149848273958,255.4685018718575,6898.227581372396,0.44757497056137663,0.32583242671994556,-0.23886711775357716,1897,401.0,7164
236,2024-08-24,2428,1208.1798187273926,255.6021671965619,6898.14448913963,1.1659549016995314,0.21360631352404547,-0.904042469259289,2494,379.0,6842
237,2024-08-25,2429,1208.544652627389,255.7358325212663,6898.061396906864,-0.37807939834483145,1.14080827822002,-1.1972846902517005,1212,562.0,6700
238,2024-08-26,2430,1208.9094865273855,255.86949784597076,6897.978304674097,0.030859097235097357,1.099567497172833,-0.4553130313154313,1552,554.0,7059
239,2024-08-27,2431,1209.274320427382,256.0031631706752,6897.89521244133,1.2826341877207006,-0.5033505911460483,-0.35389287492984284,2592,238.0,7108
240,2024-08-28,2432,1209.6391543273787,256.1368284953795,6897.812120208563,-0.00012076790290327845,-1.3659930727712037,-0.6615991621088826,1527,68.0,6959
241,2024-08-29,2433,1210.0039882273754,256.27049382008397,6897.729027975796,0.46300008020667577,1.2192234356840042,-0.6324993366564355,1912,578.0,6973
242,2024-08-30,2434,1210.368822127372,256.4041591447884,6897.64593574303,-0.23819762493201255,1.177982654636817,-0.65299059527243,1330,570.0,6963
243,2024-08-31,2435,1210.7336560273684,256.53782446949276,6897.5628435102635,-0.9261507550078973,1.3040644422258836,-1.2231163689802969,759,595.0,6687
244,2024-09-01,2436,1211.098489927365,256.6714897941972,6897.479751277497,-0.26676938551313983,1.0802899499391478,-0.9377959425075776,1307,551.0,6825
245,2024-09-02,2437,1211.4633238273616,256.80515511890155,6897.39665904473,-1.3773448653202989,0.9173600280655957,-0.6814036484081147,385,519.0,6949
246,2024-09-03,2438,1211.8281577273583,256.938820443606,6897.313566811963,-0.7516769596217681,0.9065415322250001,-0.2225144276958561,905,517.0,7171
247,2024-09-04,2439,1212.1929916273548,257.07248576831046,6897.230474579196,-0.77017702288686,-0.1284938989041742,-0.8484301709807179,890,313.0,6868
248,2024-09-05,2440,1212.5578255273513,257.2061510930148,6897.14738234643,-1.2016670176557325,1.1333532030643063,-0.8007336890026077,532,562.0,6891
249,2024-09-06,2441,1212.922659427348,257.33981641771925,6897.064290113663,-0.40381963614075683,1.1580273732980675,-0.3397781731208307,1195,567.0,7114
250,2024-09-07,2442,1213.2874933273447,257.4734817424236,6896.981197880897,-0.8726352515411666,1.116786592250881,-0.7859262366575982,806,559.0,6898
251,2024-09-08,2443,1213.6523272273412,257.60714706712804,6896.89810564813,-1.4293466832674537,0.9183640043029716,-0.9717211088350569,344,520.0,6808
252,2024-09-09,2444,1214.0171611273377,257.7408123918325,6896.815013415363,0.7712216026262522,-0.21300866331374232,-0.6368095982938977,2172,297.0,6970
253,2024-09-10,2445,1214.3819950273341,257.87447771653683,6896.731921182596,-0.8968300820970886,0.21222559547347342,-1.4755537440391469,787,381.0,6564
254,2024-09-11,2446,1214.7468289273309,258.0081430412413,6896.64882894983,-0.19530688285704725,-0.8075986930524051,-1.2811503050252355,1370,180.0,6658
255,2024-09-12,2447,1215.1116628273276,258.1418083659456,6896.565736717063,0.32199631778218235,-1.5789743190577863,-1.121873883893134,1800,28.0,6735
256,2024-09-13,2448,1215.476496727324,258.2754736906501,6896.4826444842965,0.7261186042483644,-0.225860361469532,-1.1588955038652733,2136,295.0,6717
257,2024-09-14,2449,1215.8413306273205,258.4091390153545,6896.39955225153,0.23201789100078474,0.05233285215249117,-1.8137393795233916,1726,350.0,6400
258,2024-09-15,2450,1216.2061645273172,258.54280434005886,6896.316460018763,-1.4336256891656831,0.4978486344107679,-1.9892027758532584,343,438.0,6315
259,2024-09-16,2451,1216.5709984273137,258.6764696647633,6896.233367785996,-1.4280447068620414,0.9028013697269222,-1.2947559058159108,348,518.0,6651
260,2024-09-17,2452,1216.9358323273104,258.81013498946766,6896.150275553229,-1.3116909149422256,-0.5632164351622971,-1.3607056581613066,445,229.0,6619
261,2024-09-18,2453,1217.300666227307,258.9438003141721,6896.067183320463,0.5830480922285641,-0.17347484244943862,-1.2096944177072801,2019,306.0,6692
262,2024-09-19,2454,1217.6655001273034,259.07746563887656,6895.9840910876965,-0.3529398072052765,0.27711132067660277,-1.3355667299687075,1242,395.0,6631
263,2024-09-20,2455,1218.0303340273001,259.2111309635809,6895.90099885493,-0.05477412124152232,-1.1686249607415553,-1.0440474179874333,1490,110.0,6772
264,2024-09-21,2456,1218.3951679272968,259.34479628828535,6895.817906622163,-0.49108032512414174,0.7625124157719364,-1.8228690038166508,1128,491.0,6395
265,2024-09-22,2457,1218.7600018272933,259.4784616129897,6895.734814389396,0.23091176284932335,-0.16097463626640207,-1.6202003841246644,1728,309.0,6493
266,2024-09-23,2458,1219.1248357272898,259.61212693769414,6895.65172215663,-0.15482424533895534,0.4772156189669532,-0.9422838754434654,1408,435.0,6821
267,2024-09-24,2459,1219.4896696272863,259.7457922623986,6895.568629923863,0.08193477442452855,0.45625636139082715,-0.6590297441402643,1605,431.0,6958
268,2024-09-25,2460,1219.854503527283,259.87945758710293,6895.485537691096,1.466155615538166,0.3592413907982231,-0.03896950020557633,2755,412.0,7258
269,2024-09-26,2461,1220.2193374272797,260.0131229118074,6895.40244545833,0.9323211771021759,0.05941118549500877,-0.6214930449305532,2312,353.0,6976
270,2024-09-27,2462,1220.5841713272762,260.14678823651184,6895.319353225563,1.0944289556025857,0.10436687919983086,-0.5717302677829229,2447,362.0,7000
271,2024-09-28,2463,1220.9490052272727,260.2804535612162,6895.236260992796,-0.7819237732903003,0.5093196145159856,-1.4600654975966119,889,442.0,6570
272,2024-09-29,2464,1221.3138391272694,260.41411888592063,6895.153168760029,0.9719411173033976,-0.850220192150164,-1.2511979923960703,2346,174.0,6671
273,2024-09-30,2465,1221.678673027266,260.54778421062497,6895.070076527263,0.7463440621471968,0.4420491950249079,-0.8129717233789969,2159,429.0,6883
274,2024-10-01,2466,1222.0435069272626,260.6814495353294,6894.986984294496,0.7627615149567686,-0.4003117631291872,-0.8251978013169163,2173,263.0,6877
275,2024-10-02,2467,1222.408340827259,260.8151148600339,6894.9038920617295,-0.19369527321049543,-0.6291566362836881,-0.9944623121382283,1379,218.0,6795
276,2024-10-03,2468,1222.7731747272555,260.9487801847382,6894.820799828963,-0.8274660507567297,0.5312828483294876,-0.9281691736344514,853,447.0,6827
277,2024-10-04,2469,1223.1380086272522,261.08244550944266,6894.737707596196,1.7583989642367124,-0.5240341062707476,-0.46721365775267437,3001,239.0,7050
278,2024-10-05,2470,1223.502842527249,261.216110834147,6894.654615363429,1.1595457027651417,0.13950805330143443,-0.9464224440017351,2504,370.0,6818
279,2024-10-06,2471,1223.8676764272454,261.34977615885145,6894.571523130663,-0.4422831066441818,-0.09440720072083175,-1.2913220442321065,1174,324.0,6651
280,2024-10-07,2472,1224.232510327242,261.4834414835559,6894.488430897896,0.08224440766566814,0.4930792458348711,-0.6175381258899422,1610,440.0,6977
281,2024-10-08,2473,1224.5973442272386,261.61710680826025,6894.405338665129,1.1040455129698656,-0.5825192322364244,-0.60703495696316,2459,228.0,6982
282,2024-10-09,2474,1224.9621781272351,261.7507721329647,6894.322246432363,-0.8915083914882513,-0.5578450620026634,-0.8961445876165348,802,233.0,6842
283,2024-10-10,2475,1225.3270120272318,261.88443745766904,6894.239154199596,-0.9894759051301643,-0.02106242412461232,-0.8980391897068626,721,339.0,6841
284,2024-10-11,2476,1225.6918459272283,262.0181027823735,6894.156061966829,-0.39150120183567705,-0.1687812033948694,-0.8069505091688657,1218,310.0,6885
285,2024-10-12,2477,1226.0566798272248,262.15176810707794,6894.072969734063,-1.3094283170929675,0.1499750571692757,-1.3894740538938444,456,373.0,6603
286,2024-10-13,2478,1226.4215137272215,262.2854334317823,6893.989877501296,1.2583759137239248,-0.023095626439806994,-1.1000210370820884,2589,339.0,6743
287,2024-10-14,2479,1226.7863476272182,262.41909875648673,6893.906785268529,0.5499538949146163,-0.1251809779001769,-1.1308437715456727,2001,319.0,6728
288,2024-10-15,2480,1227.1511815272147,262.55276408119107,6893.8236930357625,-0.6316606693203066,-0.9523307934509756,-0.9095784953280214,1020,156.0,6835
289,2024-10-16,2481,1227.5160154272112,262.6864294058955,6893.740600802996,-0.04452243653174946,-0.557518819870352,-0.6449210205504853,1508,234.0,6963
290,2024-10-17,2482,1227.8808493272077,262.8200947306,6893.657508570229,0.05256651893307975,-0.1677772271574935,-0.5166390269611585,1589,311.0,7025
291,2024-10-18,2483,1228.2456832272044,262.9537600553043,6893.574416337463,0.974431285127033,-0.24958105514680187,-0.31810299760821065,2355,295.0,7121
292,2024-10-19,2484,1228.610517127201,263.08742538000877,6893.491324104696,2.1647997094123657,-0.7877191612349824,-0.39231793063167975,3344,189.0,7085
293,2024-10-20,2485,1228.9753510271976,263.2210907047131,6893.408231871929,1.1059984775779839,-0.3523441407122363,-0.6566320192508347,2465,275.0,6957
294,2024-10-21,2486,1229.340184927194,263.35475602941756,6893.325139639162,0.6901611624287884,-1.5547021404776635,0.09360482036350773,2120,38.0,7320
295,2024-10-22,2487,1229.7050188271908,263.488421354122,6893.242047406396,-0.3758643830762136,-0.891159980905482,-0.12938336486528074,1235,169.0,7212
296,2024-10-23,2488,1230.0698527271873,263.62208667882635,6893.158955173629,0.329270972999138,0.08167541160037978,0.07328525482670567,1821,361.0,7310
297,2024-10-24,2489,1230.434686627184,263.7557520035308,6893.075862940863,0.47331796732299736,-0.16238060415741687,0.04659511070215616,1941,313.0,7297
298,2024-10-25,2490,1230.7995205271804,263.88941732823525,6892.992770708096,-0.41209973641650266,-0.1934806234690734,-0.08754238223734434,1206,307.0,7232
299,2024-10-26,2491,1231.164354427177,264.0230826529396,6892.909678475329,1.2936030630397284,-0.8127448234414972,-0.44277345831530557,2623,185.0,7060
300,2024-10-27,2492,1231.5291883271736,264.15674797764405,6892.826586242562,1.8205386819064513,-0.5345516098194741,-0.34755218743827204,3061,240.0,7106
301,2024-10-28,2493,1231.8940222271704,264.2904133023484,6892.7434940097955,0.4908256874238168,-0.8090299107838617,-0.07669582715218094,1957,186.0,7237
302,2024-10-29,2494,1232.2588561271668,264.42407862705284,6892.660401777029,-0.8713967185766077,-0.9466079283185882,-0.14677816983661338,826,159.0,7203
303,2024-10-30,2495,1232.6236900271633,264.5577439517573,6892.577309544263,0.6994522256947154,-0.19686929399439768,-0.03915912794247179,2131,307.0,7255
304,2024-10-31,2496,1232.9885239271598,264.6914092764616,6892.494217311496,-0.7578903103022067,-0.4358549288844285,-0.09477740444027596,921,260.0,7228
305,2024-11-01,2497,1233.3533578271565,264.8250746011661,6892.411125078729,-0.9870995222937174,-0.6849813255099904,-0.14213050026000684,731,211.0,7205
306,2024-11-02,2498,1233.7181917271532,264.9587399258704,6892.328032845962,-0.2458425978652658,-0.7110109639538811,-0.47669862464278484,1347,206.0,7043
307,2024-11-03,2499,1234.0830256271497,265.09240525057487,6892.2449406131955,-0.3787276275818421,-0.559577272025989,-0.6810901533459084,1237,236.0,6944
308,2024-11-04,2500,1234.4478595271462,265.2260705752793,6892.161848380429,0.9404743904962153,-1.234615661543831,0.07327927660747072,2333,103.0,7309
309,2024-11-05,2501,1234.812693427143,265.35973589998366,6892.078756147663,1.3494128860761438,-1.3721936790785572,0.22635681223101545,2673,76.0,7383
310,2024-11-06,2502,1235.1775273271396,265.4934012246881,6891.995663914896,1.422420795972239,-0.6173846638866013,-0.06481911359187773,2734,225.0,7242
311,2024-11-07,2503,1235.542361227136,265.62706654939245,6891.912571682129,1.259434459294746,-0.3341210693968123,-0.21548696788752483,2599,281.0,7169
312,2024-11-08,2504,1235.9071951271326,265.7607318740969,6891.829479449362,1.7911862872752158,-1.0345113632534806,-0.14092864870567456,3041,143.0,7205
313,2024-11-09,2505,1236.272029027129,265.89439719880136,6891.746387216595,-0.3693227793287261,-1.1873005233915028,-0.7089881272440233,1247,113.0,6930
314,2024-11-10,2506,1236.6368629271258,266.0280625235057,6891.663294983829,-0.6081644095477303,-1.2691043513808113,-0.628230922553618,1049,97.0,6969
315,2024-11-11,2507,1237.0016968271225,266.16172784821015,6891.580202751062,2.12339093113655,-1.1886559916016326,-0.06809323853496141,3318,113.0,7240
316,2024-11-12,2508,1237.366530727119,266.2953931729145,6891.497110518296,1.4486823761234686,-0.6975067815334686,0.10977983912280322,2758,210.0,7326
317,2024-11-13,2509,1237.7313646271155,266.42905849761894,6891.414018285529,1.0858233612254868,-1.3370525049769542,0.066559333642109,2457,84.0,7305
318,2024-11-14,2510,1238.0961985271122,266.5627238223234,6891.330926052762,0.7927993784768321,-1.3225190964787235,0.20723909824854567,2214,87.0,7373
319,2024-11-15,2511,1238.4610324271086,266.69638914702773,6891.247833819995,-1.042615572949207,-1.5057305418233367,0.3603166338720923,690,51.0,7447
320,2024-11-16,2512,1238.8258663271054,266.8300544717322,6891.1647415872285,0.1682217400695493,-0.903032952664338,-0.16848323644540822,1696,170.0,7191
321,2024-11-17,2513,1239.1907002271018,266.9637197964365,6891.081649354462,1.605420881434401,-1.167370491893195,-0.12491934480633282,2890,118.0,7212
322,2024-11-18,2514,1239.5555341270983,267.097385121141,6890.998557121696,-0.0024281893671056964,-1.563537933683949,0.5013397846369083,1555,40.0,7515
323,2024-11-19,2515,1239.920368027095,267.2310504458454,6890.915464888929,-0.6951975285567376,-1.3614004330784044,0.7308702415326329,980,80.0,7626
324,2024-11-20,2516,1240.2852019270917,267.36471577054976,6890.832372656162,-1.4553937953388234,-1.5395414975552524,0.7289756394423051,349,45.0,7625
325,2024-11-21,2517,1240.6500358270882,267.4983810952542,6890.749280423395,-1.5545653612591728,-1.6264157064123266,0.820064319980302,267,28.0,7669
326,2024-11-22,2518,1241.0148697270847,267.63204641995867,6890.666188190628,-1.7464489526191462,-1.6930083917983398,0.9710755604343303,108,15.0,7742
327,2024-11-23,2519,1241.3797036270812,267.765711744663,6890.583095957862,-0.2622917723952639,-1.7038268876389346,1.029103518260034,1341,13.0,7770
328,2024-11-24,2520,1241.744537527078,267.89937706936746,6890.500003725096,-0.33256608363313317,-1.4408448166202072,0.808181628200762,1283,65.0,7663
329,2024-11-25,2521,1242.1093714270746,268.0330423940718,6890.416911492329,-1.3456133288869214,-1.5987043576259943,1.2319438310312092,442,34.0,7868
330,2024-11-26,2522,1242.474205327071,268.16670771877625,6890.333819259562,-1.185913654943385,-1.5385375213178765,1.2155851627542533,575,46.0,7860
331,2024-11-27,2523,1242.8390392270676,268.3003730434807,6890.250727026795,-1.058723392517639,-1.5442856362907067,1.2178231510029622,681,45.0,7861
332,2024-11-28,2524,1243.2038731270643,268.43403836818504,6890.167634794028,-1.4408472438706077,-1.6565117494866066,1.7015079137494407,364,23.0,8095
333,2024-11-29,2525,1243.5687070270608,268.5677036928895,6890.0845425612615,-1.50269318915942,-1.6318375792528454,1.8132595459826208,313,28.0,8149
334,2024-11-30,2526,1243.9335409270575,268.70136901759383,6890.001450328496,-0.9324116882689765,-1.6173041707546143,1.5882050655843123,787,31.0,8040
335,2024-12-01,2527,1244.298374827054,268.8350343422983,6889.918358095729,-1.200150573170461,-1.5824892387853227,1.4003438982373353,565,38.0,7949
336,2024-12-02,2528,1244.6632087270505,268.96869966700274,6889.835265862962,0.8306463414636733,-1.4057036425186042,1.510029235300997,2252,73.0,8002
337,2024-12-03,2529,1245.0280426270472,269.1023649917071,6889.752173630195,1.1312201319843007,-1.198495761045294,1.0824778282898944,2502,114.0,7795
338,2024-12-04,2530,1245.3928765270439,269.23603031641153,6889.669081397428,-0.1226375689568229,-1.412129491596499,1.152903557132708,1461,72.0,7829
339,2024-12-05,2531,1245.7577104270404,269.36969564111587,6889.585989164661,0.6390882442050526,-0.8652060919829176,0.9774401608028409,2094,180.0,7744
340,2024-12-06,2532,1246.1225443270368,269.5033609658203,6889.5028969318955,1.3935897436963078,-1.33742924679015,0.89082745676226,2721,87.0,7702
341,2024-12-07,2533,1246.4873782270333,269.6370262905248,6889.419804699129,1.1234427542379504,-1.3685292661018067,0.26284541830787994,2497,81.0,7398
342,2024-12-08,2534,1246.85221212703,269.7706916152291,6889.336712466362,1.744294450822734,-1.6277964244628984,0.6680109646126622,3013,30.0,7594
343,2024-12-09,2535,1247.2170460270268,269.90435693993356,6889.253620233595,0.7432877283533128,-1.0453803587749608,0.8376188615923553,2182,145.0,7676
344,2024-12-10,2536,1247.5818799270232,270.0380222646379,6889.170528000828,-0.4696321951209636,-1.3452105640781744,0.8977131145875774,1175,86.0,7705
345,2024-12-11,2537,1247.9467138270197,270.17168758934235,6889.087435768061,-0.5591713428138194,-1.563914675497145,0.968138843430391,1101,43.0,7739
346,2024-12-12,2538,1248.3115477270164,270.3053529140468,6889.004343535295,0.2037585226264924,-1.2552991766685304,1.2286637278688888,1735,104.0,7865
347,2024-12-13,2539,1248.6763816270131,270.43901823875115,6888.921251302529,0.6512266911163946,-1.0683728186662809,1.0841947590817966,2107,141.0,7795
348,2024-12-14,2540,1249.0412155270096,270.5726835634556,6888.838159069762,1.8536356381860941,-1.2211619788043033,0.7806210622417934,3106,111.0,7648
349,2024-12-15,2541,1249.406049427006,270.70634888815994,6888.755066836995,0.987482770901581,-1.3891622815456208,0.9109693510006384,2387,78.0,7711
350,2024-12-16,2542,1249.7708833270026,270.8400142128644,6888.671974604228,-1.3692868170875396,-1.5977256312290606,1.336797849000604,430,37.0,7917
351,2024-12-17,2543,1250.1357172269993,270.97367953756884,6888.588882371461,-1.3685220438976449,-1.6085441270696563,1.6531127030160984,431,35.0,8070
352,2024-12-18,2544,1250.500551126996,271.1073448622732,6888.505790138695,1.0271027111028024,-1.6802071933234342,2.016952345930512,2421,21.0,8246
353,2024-12-19,2545,1250.8653850269925,271.24101018697763,6888.4226979059285,-0.9804917161396814,-1.2296210301973927,1.8538867206177552,754,110.0,8167
354,2024-12-20,2546,1251.230218926989,271.3746755116821,6888.339605673162,0.8985946114114312,-0.9311462931043086,1.385009410216286,2315,169.0,7940
355,2024-12-21,2547,1251.5950528269857,271.5083408363864,6888.256513440395,0.3286386046223405,-1.1549207853910437,0.5855248726918848,1842,125.0,7553
356,2024-12-22,2548,1251.9598867269822,271.6420061610909,6888.173421207628,0.6845987999510555,-1.1048947108184564,0.7695968358582063,2138,135.0,7642
357,2024-12-23,2549,1252.324720626979,271.7756714857952,6888.090328974861,1.7653984668986502,-1.1157132066590514,1.038386900974779,3036,133.0,7772
358,2024-12-24,2550,1252.6895545269754,271.90933681049967,6888.007236742094,1.5674946141464934,-1.1366724642351775,0.6480288070150063,2872,129.0,7583
359,2024-12-25,2551,1253.0543884269719,272.0430021352041,6887.9241445093285,1.6946848765722395,-0.893971916687511,-0.1762512725436165,2978,177.0,7184
360,2024-12-26,2552,1253.4192223269686,272.17666745990846,6887.841052276562,0.7574929248599621,-1.5284472592632306,0.14006358147187778,2200,52.0,7337
361,2024-12-27,2553,1253.7840562269653,272.3103327846129,6887.757960043795,1.3578757327113224,-0.9358904318397625,0.5204335857424401,2699,169.0,7521
362,2024-12-28,2554,1254.1488901269618,272.44399810931725,6887.674867811028,-0.21505582201552068,-1.3016355884239244,0.3387713039040181,1393,97.0,7433
363,2024-12-29,2555,1254.5137240269582,272.5776634340217,6887.591775578261,-1.114922153096261,-1.4087913207520595,0.3575396535088736,646,76.0,7442
364,2024-12-30,2556,1254.8785579269547,272.71132875872615,6887.508683345494,-1.0021805180117551,-1.5058062913446641,1.1945608902429858,740,57.0,7847
365,2024-12-31,2557,1255.2433918269514,272.8449940834305,6887.425591112728,-1.3650395329097371,-1.6281731662760945,1.293914751459054,439,33.0,7895
366,2025-01-01,2558,1255.6082257269481,272.97865940813494,6887.342498879962,-1.6785324043918153,-1.6643435664555162,1.0130703014837525,179,26.0,7759
367,2025-01-02,2559,1255.9730596269446,273.1123247328393,6887.259406647195,-1.8258660614496316,-1.670091681428346,1.7777712072847234,57,25.0,8129
368,2025-01-03,2560,1256.3378935269411,273.24599005754374,6887.176314414428,-0.6655989441252157,-1.7011917007400026,2.2221963618103535,1021,19.0,8344
369,2025-01-04,2561,1256.7027274269378,273.3796553822482,6887.093222181661,-0.3301076375299245,-1.6308841026963543,1.7471201659003297,1300,33.0,8114
370,2025-01-05,2562,1257.0675613269343,273.5133207069525,6887.010129948894,-1.6947381480872226,-1.5707172663882358,1.5468612275362428,167,45.0,8017
371,2025-01-06,2563,1257.432395226931,273.646986031657,6886.927037716128,-1.6289545518617472,-1.5815357622288313,1.7722590940929288,222,43.0,8126
372,2025-01-07,2564,1257.7972291269275,273.7806513563613,6886.8439454833615,1.4698367337457203,-1.2374275973258595,1.3860335904721928,2796,111.0,7939
373,2025-01-08,2565,1258.162063026924,273.91431668106577,6886.760853250595,2.0088128753968104,-1.207683046224333,1.123785797022556,3244,117.0,7812
374,2025-01-09,2566,1258.5268969269207,274.0479820057702,6886.677761017828,0.7970970042009704,-0.6201965996686303,1.0908967673894534,2238,233.0,7796
375,2025-01-10,2567,1258.8917308269174,274.18164733047456,6886.594668785061,2.1825218975930447,-1.4625575578227248,1.2336428271654085,3389,67.0,7865
376,2025-01-11,2568,1259.256564726914,274.315312655179,6886.511576552294,0.8130751779220002,-1.5037983388699119,0.8040251249847874,2252,59.0,7657
377,2025-01-12,2569,1259.6213986269104,274.44897797988335,6886.428484319528,-0.8056103633854368,-1.392927693884141,0.5769043494169604,908,81.0,7547
378,2025-01-13,2570,1259.9862325269069,274.5826433045878,6886.345392086761,1.6875426261683817,-1.1299456228654134,1.3436715503874495,2979,133.0,7918
379,2025-01-14,2571,1260.3510664269036,274.71630862929226,6886.262299853995,1.9110570708690617,-1.16104564217707,1.298384749737237,3165,127.0,7896
380,2025-01-15,2572,1260.7159003269003,274.8499739539966,6886.179207621228,0.8077059047325228,-0.8422893816129244,0.8956288847603542,2249,190.0,7701
381,2025-01-16,2573,1261.0807342268968,274.98363927870105,6886.096115388461,2.0655012566103097,-1.0914157782384863,1.2388055759795868,3294,141.0,7867
382,2025-01-17,2574,1261.4455681268932,275.1173046034054,6886.013023155694,0.5262831656796936,-1.056600846269194,1.4993304604180864,2016,148.0,7993
383,2025-01-18,2575,1261.81040202689,275.25096992810984,6885.929930922928,-0.583088261849029,-0.7631964900438752,1.4499110694288353,1095,206.0,7969
384,2025-01-19,2576,1262.1752359268867,275.3846352528143,6885.846838690161,-0.9483553813038844,-0.6979592728679922,1.64224821327323,792,219.0,8062
385,2025-01-20,2577,1262.5400698268832,275.51830057751863,6885.7637464573945,1.1787657156051838,-0.7594815773862396,2.0060878561876456,2559,207.0,8238
386,2025-01-21,2578,1262.9049037268796,275.6519659022231,6885.680654224628,2.6027202819072324,-1.0694525444249843,1.5909342201936532,3742,146.0,8037
387,2025-01-22,2579,1263.2697376268761,275.78563122692753,6885.597561991861,1.2103965689458906,-0.8368927586128484,1.29975829437076,2586,192.0,7896
388,2025-01-23,2580,1263.6345715268728,275.9192965516319,6885.514469759094,1.9769385912215125,-1.4206642925109156,1.405311041095385,3223,77.0,7947
389,2025-01-24,2581,1263.9994054268695,276.0529618763363,6885.431377526328,1.8392373523911894,-0.9903596528559352,1.5129300829895267,3109,162.0,7999
390,2025-01-25,2582,1264.364239326866,276.18662720104066,6885.348285293561,1.1356315426956278,-0.4637177767134147,0.8270917797886334,2525,266.0,7667
391,2025-01-26,2583,1264.7290732268625,276.3202925257451,6885.265193060794,1.762503500672595,-0.5252400812316627,0.9016500989704836,3046,254.0,7703
392,2025-01-27,2584,1265.0939071268592,276.45395785044957,6885.182100828028,2.589248136870051,-0.35352486583270953,1.2489593805287529,3733,288.0,7871
393,2025-01-28,2585,1265.4587410268557,276.5876231751539,6885.099008595261,0.9982557979666578,-0.5468770729128533,1.1272196586063623,2412,250.0,7812
394,2025-01-29,2586,1265.8235749268524,276.72128849985836,6885.015916362494,1.2277905040595212,-1.0038890851167899,1.172849845414956,2603,160.0,7834
395,2025-01-30,2587,1266.188408826849,276.8549538245627,6884.932824129728,0.1557446971623362,-0.6242882541394614,1.2391429839187311,1713,235.0,7866
396,2025-01-31,2588,1266.5532427268454,276.98861914926715,6884.849731896961,0.5225413629969814,-1.2435524541118859,1.8798661795486025,2018,113.0,8176
397,2025-02-01,2589,1266.918076626842,277.1222844739716,6884.766639664194,-0.43271137289184636,-1.396341614249908,1.6486128136417406,1225,83.0,8064
398,2025-02-02,2590,1267.2829105268388,277.25594979867594,6884.6835474314275,-0.14779026199089568,-1.0522334493469363,2.130231281218701,1462,151.0,8297
399,2025-02-03,2591,1267.6477444268353,277.3896151233804,6884.600455198661,-1.5834598569759577,-1.2202337520882542,2.40315393667431,270,118.0,8429
400,2025-02-04,2592,1268.0125783268318,277.52328044808473,6884.517362965894,-1.6609584818844467,-1.5961196704079466,2.3000108712775846,206,44.0,8379
401,2025-02-05,2593,1268.3774122268283,277.6569457727892,6884.434270733127,-1.1123499220058635,-1.307785695050393,2.349773648425215,662,101.0,8403
402,2025-02-06,2594,1268.742246126825,277.79061109749364,6884.351178500361,0.016611836079198826,-0.8774810553954125,2.0338021805681,1600,186.0,8250
403,2025-02-07,2595,1269.1070800268217,277.924276422198,6884.268086267594,-1.192695930559768,-0.8477365042938857,1.7632892064403902,596,192.0,8119
404,2025-02-08,2596,1269.4719139268182,278.05794174690243,6884.1849940348275,0.0398143234708487,-0.833203095795655,1.4948425274821986,1620,195.0,7989
405,2025-02-09,2597,1269.8367478268146,278.19160707160677,6884.101901802061,0.1429235403278613,-1.077259111553451,1.6417211775971903,1706,147.0,8060
406,2025-02-10,2598,1270.2015817268114,278.3252723963112,6884.018809569294,0.2195436070592667,-0.2920278111549039,2.4208861495847893,1770,302.0,8437
407,2025-02-11,2599,1270.5664156268078,278.4589377210157,6883.935717336527,-0.2083342308742957,-0.5360838269127005,2.00159992325176,1415,254.0,8234
408,2025-02-12,2600,1270.9312495268045,278.59260304572,6883.852625103761,0.12474897116412215,-0.7192952722573136,2.018301977687095,1692,218.0,8242
409,2025-02-13,2601,1271.296083426801,278.72626837042446,6883.769532870994,-1.003887292819587,-0.6743395785524916,2.107324363055574,755,227.0,8285
410,2025-02-14,2602,1271.6609173267975,278.8599336951288,6883.686440638227,-1.1439966362067835,-1.1009293055498364,2.5290202707165026,639,143.0,8489
411,2025-02-15,2603,1272.0257512267942,278.99359901983325,6883.603348405461,-1.6982999633761973,-1.005269803167362,2.0208833520941853,179,162.0,8243
412,2025-02-16,2604,1272.390585126791,279.1272643445377,6883.520256172694,-1.307422251972819,-0.9755252520658355,1.8681492026290198,504,168.0,8169
413,2025-02-17,2605,1272.7554190267874,279.26092966924205,6883.437163939927,0.5150736184917701,-0.5046575654687326,2.3125743571546504,2018,261.0,8384
414,2025-02-18,2606,1273.120252926784,279.3945949939465,6883.354071707161,-0.30050905309840265,-0.7284320577554683,2.5896296029492945,1341,217.0,8518
415,2025-02-19,2607,1273.4850868267804,279.52826031865095,6883.270979474394,1.328134400537881,-0.5871391275631066,2.761303795098506,2694,245.0,8601
416,2025-02-20,2608,1273.849920726777,279.6619256433553,6883.187887241627,0.6221204862854457,-0.2126086774535433,1.732460493757571,2108,319.0,8103
417,2025-02-21,2609,1274.2147546267738,279.79559096805974,6883.1047950088605,1.5150879977969187,-0.4110312654014528,1.207793213779107,2850,280.0,7849
418,2025-02-22,2610,1274.5795885267703,279.9292562927641,6883.021702776094,1.7133173446504288,-0.031430434424124236,0.4248390376108525,3015,355.0,7470
419,2025-02-23,2611,1274.9444224267668,280.06292161746853,6882.938610543327,2.2209881270621654,-0.5391462553057135,0.30723190602749856,3437,255.0,7413
420,2025-02-24,2612,1275.3092563267635,280.196586942173,6882.855518310561,0.7756861138496098,0.3018592346382515,0.6669389586028758,2237,421.0,7587
421,2025-02-25,2613,1275.6740902267602,280.3302522668773,6882.772426077794,0.9462222582990761,0.301181500533187,0.6753758323601396,2379,421.0,7591
422,2025-02-26,2614,1276.0389241267567,280.4639175915818,6882.689333845027,1.4418525179264456,0.4728967159321401,0.7664645128981366,2791,455.0,7635
423,2025-02-27,2615,1276.4037580267532,280.5975829162861,6882.60624161226,2.024174541601256,-0.445519955238433,0.8596194886056517,3275,274.0,7680
424,2025-02-28,2616,1276.7685919267497,280.73124824099057,6882.523149379494,-0.33981936005848445,0.5171746755318977,0.3184218472710413,1312,464.0,7418
425,2025-03-01,2617,1277.1334258267464,280.864913565695,6882.440057146727,-0.0007158966278832006,0.7700159848150947,-0.3074938960138205,1594,514.0,7115
426,2025-03-02,2618,1277.498259726743,280.99857889039936,6882.356964913961,-0.6778325561978382,0.7389159655034387,-0.33418404013837,1032,508.0,7102
427,2025-03-03,2619,1277.8630936267396,281.1322442151038,6882.273872681194,-0.24962922416292257,-1.046535834054991,0.3457987637123494,1388,156.0,7431
428,2025-03-04,2620,1278.227927526736,281.26590953980815,6882.190780448427,-0.3138832740086082,0.8643200189874403,0.29018048721454526,1335,533.0,7404
429,2025-03-05,2621,1278.5927614267325,281.3995748645126,6882.10768821566,-1.0656511748416373,-0.08451893738972502,0.28415329478518087,711,346.0,7401
430,2025-03-06,2622,1278.9575953267292,281.53324018921705,6882.0245959828935,-0.7963827435603631,0.8984572168516667,0.27605980718629813,935,540.0,7397
431,2025-03-07,2623,1279.322429226726,281.6669055139214,6881.941503750127,0.8912592717193175,0.9738351957630809,0.4663306558611746,2337,555.0,7489
432,2025-03-08,2624,1279.6872631267224,281.80057083862584,6881.858411517361,1.8901833837332185,-0.2335931848701117,0.07597256190139998,3167,317.0,7300
433,2025-03-09,2625,1280.052097026719,281.9342361633302,6881.775319284594,1.89215220920155,-0.3914527258758987,0.3406300366789361,3169,286.0,7428
434,2025-03-10,2626,1280.4169309267156,282.06790148803464,6881.692227051827,0.16871411967012198,0.2771598145640481,0.5825582645917707,1738,418.0,7545
435,2025-03-11,2627,1280.7817648267123,282.2015668127391,6881.60913481906,-0.005108687513301621,0.3525377934754616,0.580663662501443,1594,433.0,7544
436,2025-03-12,2628,1281.1465987267088,282.3352321374434,6881.526042586293,-0.6003497921495623,0.17439672899861366,0.5849679459196702,1100,398.0,7546
437,2025-03-13,2629,1281.5114326267053,282.4688974621479,6881.442950353527,0.44794046328024256,-0.8352867977917343,1.1678348768030284,1971,199.0,7828
438,2025-03-14,2630,1281.8762665267018,282.6025627868522,6881.359858120761,-0.8781603743670816,0.0006483112844658696,1.0543603355587092,870,364.0,7773
439,2025-03-15,2631,1282.2411004266985,282.73622811155667,6881.276765887994,-1.3867097149559018,-0.9634017876959949,0.8375710358384757,448,174.0,7668
440,2025-03-16,2632,1282.6059343266952,282.8698934362611,6881.193673655227,-1.143930433800235,-1.2835135164702702,0.8026157110358548,650,111.0,7651
441,2025-03-17,2633,1282.9707682266917,283.00355876096546,6881.11058142246,-0.9204159890995544,0.2572045332252985,0.8978369819128883,836,415.0,7697
442,2025-03-18,2634,1283.3356021266882,283.1372240856699,6881.027489189693,-0.13822128720425536,-0.14910367030098587,0.955864939738592,1486,335.0,7725
443,2025-03-19,2635,1283.7004360266849,283.27088941037437,6880.9443969569265,0.9064568113902391,0.7628871517916925,0.8878488922236779,2354,515.0,7692
444,2025-03-20,2636,1284.0652699266814,283.4045547350787,6880.86130472416,0.9481593620469811,-0.3127113262796032,1.0326612471691512,2389,303.0,7762
445,2025-03-21,2637,1284.430103826678,283.53822005978316,6880.778212491394,1.1897345909242114,0.3711123567636393,0.784877519906141,2590,438.0,7642
446,2025-03-22,2638,1284.7949377266746,283.6718853844875,6880.695120258627,0.2802358416159779,0.5580387147658887,-0.02907108380488835,1835,475.0,7248
447,2025-03-23,2639,1285.159771626671,283.80555070919195,6880.61202802586,0.6530527688428064,0.23285660512384818,-0.12394896852354069,2145,411.0,7202
448,2025-03-24,2640,1285.5246055266678,283.9392160338964,6880.528935793093,0.10236159850870258,0.38936067791950557,0.3700672700705295,1688,442.0,7441
449,2025-03-25,2641,1285.8894394266645,284.07288135860074,6880.4458435603265,-0.994969306235653,-0.15384780903643974,0.35990748730212846,777,335.0,7436
450,2025-03-26,2642,1286.254273326661,284.2065466833052,6880.36275132756,-0.3536487209174454,-0.08354021099279145,0.4158691499583138,1310,349.0,7463
451,2025-03-27,2643,1286.6191072266574,284.34021200800953,6880.279659094794,0.20459225718863147,-0.9766049778245383,0.8602943044839423,1774,173.0,7678
452,2025-03-28,2644,1286.983941126654,284.473877332714,6880.196566862027,-1.434562172852229,-0.9823530927973686,0.8852615395973529,413,172.0,7690
453,2025-03-29,2645,1287.3487750266506,284.60754265741843,6880.11347462926,-1.7324023647146305,-1.054016159051147,0.3729920306359989,166,158.0,7442
454,2025-03-30,2646,1287.7136089266473,284.7412079821228,6880.030382396493,-1.47637850849616,-0.5223039020408614,0.13967236955961881,379,263.0,7329
455,2025-03-31,2647,1288.0784428266438,284.8748733068272,6879.947290163726,-0.3173154434501808,-0.7460783943275969,0.5179760786606629,1342,219.0,7512
456,2025-04-01,2648,1288.4432767266403,285.00853863153156,6879.86419793096,-1.2689560225036982,0.7591469892936151,-0.04181821919961256,552,516.0,7241
457,2025-04-02,2649,1288.808110626637,285.142203956236,6879.781105698194,-0.8407526904687828,-0.47870367654616885,0.15051892464478034,908,272.0,7334
458,2025-04-03,2650,1289.1729445266337,285.27586928094047,6879.698013465427,-0.3487345876767234,1.0670847540171646,0.3387234781501385,1317,577.0,7425
459,2025-04-04,2651,1289.5377784266302,285.4095346056448,6879.61492123266,-1.1631132069884595,1.6849934857794595,0.06614420885291022,641,699.0,7293
460,2025-04-05,2652,1289.9026123266267,285.54319993034926,6879.531828999893,0.09468214488932739,1.633611942996742,-0.3696723788362657,1686,689.0,7082
461,2025-04-06,2653,1290.2674462266232,285.6768652550536,6879.448736767126,-0.03699883254881222,1.617723066288382,-0.5719976123698709,1577,686.0,6984
462,2025-04-07,2654,1290.63228012662,285.81053057975805,6879.3656445343595,1.9155346839869374,0.18212754660575345,0.34560913597545584,3199,403.0,7428
463,2025-04-08,2655,1290.9971140266166,285.9441959044625,6879.282552301594,1.6164904398460993,0.09525333774867926,0.03583655362689585,2951,386.0,7278
464,2025-04-09,2656,1291.361947926613,286.07786122916684,6879.199460068827,0.9694750872370616,0.6320359756267303,0.023610475688976493,2414,492.0,7272
465,2025-04-10,2657,1291.7267818266096,286.2115265538713,6879.11636783606,0.4103555509539013,0.7733289058190921,-0.06506852352112087,1950,520.0,7229
466,2025-04-11,2658,1292.091615726606,286.34519187857563,6879.033275603293,1.9005329925699668,0.7980030760528537,0.22231819812111683,3188,525.0,7368
467,2025-04-12,2659,1292.4564496266028,286.4788572032801,6878.950183370526,0.6322266642876031,0.23451306562584684,-0.4511223340626664,2135,414.0,7042
468,2025-04-13,2660,1292.8212835265995,286.61252252798454,6878.867091137759,0.617338757857821,0.7611549417683668,-0.5336024477642087,2123,518.0,7002
469,2025-04-14,2661,1293.186117426596,286.7461878526889,6878.7839989049935,-0.41738142840782716,0.9937147275805035,-0.2792764488342661,1264,564.0,7125
470,2025-04-15,2662,1293.5509513265924,286.87985317739333,6878.700906672227,0.779007257269689,0.9575443274010818,-0.23157996685615406,2258,557.0,7148
471,2025-04-16,2663,1293.9157852265892,287.0135185020978,6878.61781443946,1.069948629562823,-0.14340605500904077,0.14259115190585328,2500,340.0,7329
472,2025-04-17,2664,1294.2806191265859,287.1471838268021,6878.534722206693,0.05810543658747166,0.6925290540671596,-0.0721318526448619,1660,505.0,7225
473,2025-04-18,2665,1294.6454530265823,287.2808491515066,6878.451629973926,0.034789164208633074,1.7160682552506732,-0.40256738668860326,1641,707.0,7065
474,2025-04-19,2666,1295.0102869265788,287.4145144762109,6878.368537741159,1.1745873927996253,-0.028820497365634322,-0.4416553018302608,2588,363.0,7046
475,2025-04-20,2667,1295.3751208265753,287.54817980091536,6878.285445508393,-1.1135512153186047,-0.5517474608505193,-0.6501794208724229,688,260.0,6945
476,2025-04-21,2668,1295.739954726572,287.6818451256198,6878.202353275627,-0.9008732411238545,-0.8262257618149073,0.27362621298145884,865,206.0,7392
477,2025-04-22,2669,1296.1047886265687,287.81551045032415,6878.11926104286,-1.2059377466568761,0.5319585766411128,0.15808537656762323,612,474.0,7336
478,2025-04-23,2670,1296.4696225265652,287.9491757750286,6878.036168810093,-1.3809646061187362,1.2969083535685992,-0.017378019762243766,467,625.0,7251
479,2025-04-24,2671,1296.8344564265617,288.08284109973295,6877.953076577326,-1.1586542136964924,1.8691836575210068,-0.17424475956644583,652,738.0,7175
480,2025-04-25,2672,1297.1992903265584,288.2165064244374,6877.869984344559,1.8727101443185208,1.746816782589576,0.2722466901287029,3170,714.0,7391
481,2025-04-26,2673,1297.564124226555,288.35017174914185,6877.786892111793,-0.7694198336600923,1.9438839023273553,-0.7338673643475325,976,753.0,6904
482,2025-04-27,2674,1297.9289581265516,288.4838370738462,6877.7037998790265,0.7340021830187766,0.24969895838870024,-0.2212544692277974,2225,419.0,7152
483,2025-04-28,2675,1298.293792026548,288.61750239855064,6877.62070764626,0.053273366613511806,1.6281648203157808,-0.20248611962294188,1660,691.0,7161
484,2025-04-29,2676,1298.6586259265446,288.751167723255,6877.537615413493,0.8595491140775443,-0.25362421573018823,-0.13206039078012827,2330,320.0,7195
485,2025-04-30,2677,1299.0234598265413,288.88483304795943,6877.454523180726,-0.8723173414029406,0.7952668897921517,-0.32198785329662355,892,527.0,7103
486,2025-05-01,2678,1299.388293726538,289.0184983726639,6877.371430947959,-0.7800445950518584,2.0723251343639273,-0.6689537486965115,969,779.0,6935
487,2025-05-02,2679,1299.7531276265345,289.1521636973682,6877.288338715192,0.12135128240867177,2.0665770193910977,-0.41462774976656697,1718,778.0,7058
488,2025-05-03,2680,1300.117961526531,289.2858290220727,6877.205246482426,0.04866886661392938,1.974632429666258,-0.6686103625381322,1658,760.0,6935
489,2025-05-04,2681,1300.4827954265274,289.419494346777,6877.12215424966,1.0066552011609833,-0.08461993675149429,-0.9887144207342818,2454,354.0,6780
490,2025-05-05,2682,1300.8476293265242,289.55315967148147,6877.039062016893,-0.3194456364863411,2.039191912737077,-0.7364547169738557,1353,773.0,6902
491,2025-05-06,2683,1301.2124632265209,289.6868249961859,6876.955969784126,0.9034321993167818,1.8864027525990543,-0.5358523924513876,2369,743.0,6999
492,2025-05-07,2684,1301.5772971265174,289.82049032089026,6876.872877551359,1.2678207605945535,1.424320359527353,-0.4819570249647206,2672,652.0,7025
493,2025-05-08,2685,1301.9421310265138,289.9541556455947,6876.789785318592,1.2986868407453653,0.9875898707944771,-0.40946500095238864,2698,566.0,7060
494,2025-05-09,2686,1302.3069649265105,290.08782097029905,6876.706693085826,-0.13216654512595005,1.3164868930941533,-0.721303878470467,1510,631.0,6909
495,2025-05-10,2687,1302.6717988265073,290.2214862950035,6876.6236008530595,-0.4239864755961681,1.518624393699698,-1.2253082067537475,1268,671.0,6665
496,2025-05-11,2688,1303.0366327265037,290.35515161970795,6876.540508620293,-0.16555451482082403,0.3111960130665053,-1.200340971640337,1483,433.0,6677
497,2025-05-12,2689,1303.4014666265002,290.4888169444123,6876.457416387526,0.45890933859927013,0.23953294681272744,-0.5368885291457642,2002,419.0,6998
498,2025-05-13,2690,1303.7663005264967,290.62248226911674,6876.374324154759,-0.822641564745897,0.7458932994841865,-0.8342633404772124,938,519.0,6854
499,2025-05-14,2691,1304.1311344264934,290.7561475938212,6876.291231921992,-0.8411416280109891,1.2776055564944717,-0.7369757744306605,923,624.0,6901
500,2025-05-15,2692,1304.4959683264901,290.88981291852554,6876.208139689226,0.5093657493064218,-0.5889723369482015,-0.7409366716905085,2045,256.0,6899
501,2025-05-16,2693,1304.8608022264866,291.02347824323,6876.1250474564595,-1.6318784808425337,0.7134378119624004,-1.110631813955098,267,513.0,6720
502,2025-05-17,2694,1305.225636126483,291.1571435679343,6876.041955223693,-0.4210411678237772,0.7330416013283969,-1.5712439436784937,1273,517.0,6497
503,2025-05-18,2695,1305.5904700264796,291.2908088926388,6875.958862990926,0.5863113101391807,-0.4794571601725609,-1.4718900824624235,2110,278.0,6545
504,2025-05-19,2696,1305.9553039264763,291.42447421734323,6875.875770758159,-0.014950055889263686,0.4730967088622393,-1.3560058598902067,1611,466.0,6601
505,2025-05-20,2697,1306.320137826473,291.55813954204757,6875.792678525392,0.8816296124575194,0.4825597364927053,-0.7152826642603356,2356,468.0,6911
506,2025-05-21,2698,1306.6849717264695,291.691804866752,6875.709586292626,-0.03990965963508093,0.26385562507373483,-0.8060279586399532,1591,425.0,6867
507,2025-05-22,2699,1307.049805626466,291.82547019145636,6875.626494059859,-1.3551740267764751,1.4242951096869105,-1.1096016554799562,499,654.0,6720
508,2025-05-23,2700,1307.4146395264627,291.9591355161608,6875.543401827093,-0.929378799298433,0.2270074907892486,-0.7457620125655406,853,418.0,6896
509,2025-05-24,2701,1307.7794734264594,292.09280084086527,6875.460309594326,-0.11106252905003391,2.102370677757323,-1.2477000456793028,1533,788.0,6653
510,2025-05-25,2702,1308.1443073264559,292.2264661655696,6875.377217361559,0.9095345239757273,2.2081709418753284,-0.9334514868333269,2381,809.0,6805
511,2025-05-26,2703,1308.5091412264524,292.36013149027406,6875.294125128792,1.2968000785437959,0.9804610377710749,0.019282279393811306,2703,567.0,7266
512,2025-05-27,2704,1308.8739751264488,292.4937968149784,6875.211032896026,-0.32549761959895107,2.069915190235537,-0.24089921888630889,1356,782.0,7140
513,2025-05-28,2705,1309.2388090264456,292.62746213968285,6875.127940663259,-1.5408256476301012,2.332897261254265,0.17253150809654663,347,834.0,7340
514,2025-05-29,2706,1309.6036429264423,292.7611274643873,6875.0448484304925,1.0727325697673848,1.541240111777822,0.9289672332194441,2518,678.0,7706
515,2025-05-30,2707,1309.9684768264387,292.89479278909164,6874.961756197726,0.12470414754917755,1.743377612383367,-0.14533456185089416,1731,718.0,7186
516,2025-05-31,2708,1310.3333107264352,293.0284581137961,6874.878663964959,0.8141868240048523,1.5196031200966313,-0.1554943446192952,2304,674.0,7181
