Date,Wind_Total Generation,Solar_Total Generation,System Load
2015-01-01,672,,6942
2015-01-02,885,,7535
2015-01-03,99,,7601
2015-01-04,212,,7694
2015-01-05,327,,8000
2015-01-06,33,,8026
2015-01-07,810,,8017
2015-01-08,495,,8007
2015-01-09,568,,8013
2015-01-10,80,,7705
2015-01-11,88,,7693
2015-01-12,568,,7912
2015-01-13,979,,7701
2015-01-14,974,,7532
2015-01-15,955,,7650
2015-01-16,1163,,7559
2015-01-17,1014,,7216
2015-01-18,848,,7172
2015-01-19,1087,,7537
2015-01-20,451,,7488
2015-01-21,964,,7578
2015-01-22,1183,,7383
2015-01-23,1086,,7342
2015-01-24,921,,6990
2015-01-25,1039,,6872
2015-01-26,886,,7293
2015-01-27,890,,7384
2015-01-28,266,,7409
2015-01-29,592,,7443
2015-01-30,420,,7455
2015-01-31,268,,7378
2015-02-01,446,,7317
2015-02-02,141,,7697
2015-02-03,72,,7753
2015-02-04,755,,7620
2015-02-05,520,,7712
2015-02-06,704,,7756
2015-02-07,828,,7353
2015-02-08,474,,7272
2015-02-09,95,,7714
2015-02-10,70,,7739
2015-02-11,351,,7827
2015-02-12,799,,7495
2015-02-13,705,,7391
2015-02-14,438,,7031
2015-02-15,341,,6838
2015-02-16,241,,7070
2015-02-17,63,,7506
2015-02-18,549,,7307
2015-02-19,790,,7240
2015-02-20,387,,7352
2015-02-21,225,,7191
2015-02-22,457,,7088
2015-02-23,770,,7280
2015-02-24,908,,7320
2015-02-25,295,,7511
2015-02-26,400,,7635
2015-02-27,298,,7457
2015-02-28,282,,7029
2015-03-01,581,,6988
2015-03-02,887,,7592
2015-03-03,320,,7643
2015-03-04,585,,7599
2015-03-05,868,,7374
2015-03-06,930,,7222
2015-03-07,452,,6922
2015-03-08,741,,6783
2015-03-09,1033,,7193
2015-03-10,550,,7199
2015-03-11,747,,7239
2015-03-12,1025,,7086
2015-03-13,676,,6907
2015-03-14,1044,,6597
2015-03-15,592,,6644
2015-03-16,125,,7040
2015-03-17,223,,6964
2015-03-18,279,,6917
2015-03-19,820,,7098
2015-03-20,342,,7101
2015-03-21,607,,6892
2015-03-22,243,,6692
2015-03-23,97,,7073
2015-03-24,41,,7065
2015-03-25,704,,7011
2015-03-26,945,,6938
2015-03-27,914,,6826
2015-03-28,940,,6570
2015-03-29,1086,,6521
2015-03-30,704,,6849
2015-03-31,1013,,6924
2015-04-01,1078,,7053
2015-04-02,259,,6925
2015-04-03,435,,6494
2015-04-04,281,,6616
2015-04-05,195,,6508
2015-04-06,282,,6868
2015-04-07,101,,6860
2015-04-08,118,,6827
2015-04-09,254,,6839
2015-04-10,860,,6815
2015-04-11,1081,,6498
2015-04-12,1115,,6540
2015-04-13,479,,6763
2015-04-14,689,,6840
2015-04-15,580,,6787
2015-04-16,594,,6821
2015-04-17,619,,6815
2015-04-18,558,,6443
2015-04-19,62,,6375
2015-04-20,176,,6766
2015-04-21,252,,6768
2015-04-22,863,,6776
2015-04-23,621,,6767
2015-04-24,627,,6777
2015-04-25,418,,6520
2015-04-26,201,,6394
2015-04-27,587,,6890
2015-04-28,570,,6858
2015-04-29,791,,6799
2015-04-30,925,,6772
2015-05-01,904,,6665
2015-05-02,306,,6334
2015-05-03,195,,6247
2015-05-04,234,,6658
2015-05-05,760,,6708
2015-05-06,581,,6759
2015-05-07,110,,6568
2015-05-08,167,,6437
2015-05-09,176,,6170
2015-05-10,207,,6141
2015-05-11,150,,6514
2015-05-12,168,,6545
2015-05-13,273,,6539
2015-05-14,172,,6540
2015-05-15,157,,6517
2015-05-16,522,,6335
2015-05-17,224,,6134
2015-05-18,309,,6166
2015-05-19,236,,6594
2015-05-20,432,,6624
2015-05-21,326,,6693
2015-05-22,143,,6678
2015-05-23,147,,6392
2015-05-24,237,,6410
2015-05-25,137,,6736
2015-05-26,272,,6689
2015-05-27,108,,6725
2015-05-28,420,,6559
2015-05-29,264,,6419
2015-05-30,306,,6176
2015-05-31,644,,6279
2015-06-01,212,,6777
2015-06-02,234,,6755
2015-06-03,302,,6723
2015-06-04,224,,6687
2015-06-05,40,,6770
2015-06-06,63,,6640
2015-06-07,140,,6660
2015-06-08,603,,7134
2015-06-09,164,,7066
2015-06-10,218,,7012
2015-06-11,567,,7073
2015-06-12,408,,6751
2015-06-13,339,,6327
2015-06-14,264,,6272
2015-06-15,60,,6707
2015-06-16,225,,6833
2015-06-17,173,,6765
2015-06-18,212,,6841
2015-06-19,389,,6851
2015-06-20,225,,6467
2015-06-21,133,,6440
2015-06-22,166,,6865
2015-06-23,202,,6920
2015-06-24,41,,7076
2015-06-25,157,,7206
2015-06-26,212,,7393
2015-06-27,77,,7106
2015-06-28,158,,7042
2015-06-29,250,,7096
2015-06-30,268,,7011
2015-07-01,243,,6626
2015-07-02,56,,7143
2015-07-03,177,,7232
2015-07-04,368,,6497
2015-07-05,208,,6277
2015-07-06,182,,6800
2015-07-07,166,,6766
2015-07-08,286,,7007
2015-07-09,183,,7341
2015-07-10,201,,7332
2015-07-11,440,,7021
2015-07-12,677,,6811
2015-07-13,369,,7152
2015-07-14,218,,7109
2015-07-15,218,,7065
2015-07-16,476,,6808
2015-07-17,711,,6702
2015-07-18,389,,6475
2015-07-19,273,,6472
2015-07-20,304,,7062
2015-07-21,388,,7098
2015-07-22,266,,6889
2015-07-23,130,,6856
2015-07-24,336,,7062
2015-07-25,669,,6600
2015-07-26,339,,6486
2015-07-27,202,,6837
2015-07-28,556,,6855
2015-07-29,355,,6928
2015-07-30,145,,6988
2015-07-31,259,,7045
2015-08-01,362,,6656
2015-08-02,194,,6655
2015-08-03,336,,6899
2015-08-04,366,,6998
2015-08-05,181,,6898
2015-08-06,397,,6784
2015-08-07,203,,6742
2015-08-08,232,,6526
2015-08-09,410,,6524
2015-08-10,138,,6992
2015-08-11,258,,7104
2015-08-12,160,,7142
2015-08-13,246,,7266
2015-08-14,330,,6983
2015-08-15,408,,6355
2015-08-16,50,,6245
2015-08-17,75,,6646
2015-08-18,219,,6669
2015-08-19,412,,6902
2015-08-20,228,,6830
2015-08-21,502,,6710
2015-08-22,201,,6386
2015-08-23,303,,6382
2015-08-24,176,,6829
2015-08-25,157,,6961
2015-08-26,33,,6960
2015-08-27,415,,6989
2015-08-28,622,,7007
2015-08-29,672,,6657
2015-08-30,1080,,6518
2015-08-31,1022,,7055
2015-09-01,796,,6940
2015-09-02,665,,6911
2015-09-03,89,,6870
2015-09-04,385,,6812
2015-09-05,437,,6444
2015-09-06,702,,6381
2015-09-07,563,,6404
2015-09-08,821,,6702
2015-09-09,292,,6806
2015-09-10,109,,6873
2015-09-11,301,,6966
2015-09-12,685,,6740
2015-09-13,233,,6463
2015-09-14,142,,6959
2015-09-15,360,,6858
2015-09-16,96,,6820
2015-09-17,378,,6788
2015-09-18,988,,6864
2015-09-19,1037,,6579
2015-09-20,1019,,6552
2015-09-21,318,,6879
2015-09-22,294,,6861
2015-09-23,305,,6867
2015-09-24,453,,6890
2015-09-25,650,,6890
2015-09-26,307,,6624
2015-09-27,473,,6654
2015-09-28,151,,7005
2015-09-29,458,,6869
2015-09-30,92,,6935
2015-10-01,135,,6870
2015-10-02,305,,6881
2015-10-03,870,,6707
2015-10-04,95,,6641
2015-10-05,175,,6983
2015-10-06,497,,6942
2015-10-07,444,,7013
2015-10-08,541,,7010
2015-10-09,925,,6920
2015-10-10,1056,,6583
2015-10-11,1104,,6439
2015-10-12,886,,6567
2015-10-13,465,,6895
2015-10-14,393,,6987
2015-10-15,276,,7002
2015-10-16,300,,7008
2015-10-17,527,,6699
2015-10-18,461,,6556
2015-10-19,513,,7027
2015-10-20,417,,6938
2015-10-21,754,,6928
2015-10-22,544,,6911
2015-10-23,243,,6969
2015-10-24,207,,6735
2015-10-25,198,,6778
2015-10-26,684,,7116
2015-10-27,456,,7092
2015-10-28,464,,7085
2015-10-29,929,,7113
2015-10-30,955,,6994
2015-10-31,627,,6678
2015-11-01,892,,6762
2015-11-02,83,,7158
2015-11-03,47,,7212
2015-11-04,441,,7183
2015-11-05,453,,7235
2015-11-06,794,,7135
2015-11-07,1110,,6862
2015-11-08,720,,6953
2015-11-09,177,,7336
2015-11-10,613,,7237
2015-11-11,962,,7004
2015-11-12,1057,,7221
2015-11-13,1003,,7157
2015-11-14,301,,6898
2015-11-15,498,,6892
2015-11-16,703,,7190
2015-11-17,1029,,7219
2015-11-18,617,,7242
2015-11-19,496,,7368
2015-11-20,521,,7354
2015-11-21,1050,,6948
2015-11-22,934,,6848
2015-11-23,373,,7472
2015-11-24,780,,7612
2015-11-25,245,,7603
2015-11-26,495,,7612
2015-11-27,600,,7388
2015-11-28,123,,7138
2015-11-29,149,,7072
2015-11-30,219,,7416
2015-12-01,901,,7478
2015-12-02,1184,,7477
2015-12-03,982,,7501
2015-12-04,1057,,7320
2015-12-05,1019,,7120
2015-12-06,966,,7136
2015-12-07,1020,,7416
2015-12-08,918,,7407
2015-12-09,659,,7446
2015-12-10,301,,7550
2015-12-11,319,,7515
2015-12-12,205,,7425
2015-12-13,530,,7312
2015-12-14,62,,7640
2015-12-15,546,,7561
2015-12-16,250,,7636
2015-12-17,322,,7723
2015-12-18,506,,7841
2015-12-19,705,,7444
2015-12-20,1135,,7445
2015-12-21,506,,7731
2015-12-22,120,,7717
2015-12-23,85,,7764
2015-12-24,13,,7576
2015-12-25,174,,7293
2015-12-26,658,,7209
2015-12-27,880,,7227
2015-12-28,144,,7454
2015-12-29,73,,7607
2015-12-30,521,,7617
2015-12-31,1025,,7374
2016-01-01,694,,6936
2016-01-02,178,,7087
2016-01-03,826,,7115
2016-01-04,364,,7535
2016-01-05,95,,7586
2016-01-06,79,,7644
2016-01-07,197,,7665
2016-01-08,2,,7728
2016-01-09,338,,7534
2016-01-10,1048,,7371
2016-01-11,748,,7598
2016-01-12,1093,,7644
2016-01-13,883,,7518
2016-01-14,271,,7608
2016-01-15,128,,7723
2016-01-16,65,,7647
2016-01-17,348,,7598
2016-01-18,628,,7704
2016-01-19,449,,7757
2016-01-20,28,,7704
2016-01-21,964,,7704
2016-01-22,911,,7567
2016-01-23,473,,7216
2016-01-24,229,,7140
2016-01-25,671,,7514
2016-01-26,1142,,7443
2016-01-27,1145,,7345
2016-01-28,1218,,7310
2016-01-29,842,,7163
2016-01-30,861,,6961
2016-01-31,262,,7113
2016-02-01,211,,7528
2016-02-02,309,,7544
2016-02-03,758,,7533
2016-02-04,890,,7544
2016-02-05,1228,,7387
2016-02-06,1205,,6966
2016-02-07,847,,6948
2016-02-08,859,,7203
2016-02-09,918,,7181
2016-02-10,528,,7247
2016-02-11,311,,7329
2016-02-12,555,,7413
2016-02-13,895,,6947
2016-02-14,987,,6718
2016-02-15,711,,6870
2016-02-16,732,,7203
2016-02-17,340,,7245
2016-02-18,784,,7314
2016-02-19,819,,7248
2016-02-20,653,,7043
2016-02-21,629,,6900
2016-02-22,763,,7268
2016-02-23,700,,7150
2016-02-24,319,,7094
2016-02-25,726,,7057
2016-02-26,990,,7001
2016-02-27,688,,6757
2016-02-28,886,,6860
2016-02-29,371,,7336
2016-03-01,345,,7140
2016-03-02,675,,7147
2016-03-03,926,,7226
2016-03-04,794,,7166
2016-03-05,787,,6807
2016-03-06,532,,6846
2016-03-07,666,,7139
2016-03-08,767,,7179
2016-03-09,638,,7034
2016-03-10,1097,,7071
2016-03-11,779,,6941
2016-03-12,755,,6599
2016-03-13,899,,6681
2016-03-14,919,,7038
2016-03-15,757,,6956
2016-03-16,814,,7023
2016-03-17,341,,7052
2016-03-18,130,,6956
2016-03-19,878,,6694
2016-03-20,375,,6551
2016-03-21,525,,7000
2016-03-22,60,,6993
2016-03-23,575,,6963
2016-03-24,658,,7003
2016-03-25,119,,6562
2016-03-26,576,,6448
2016-03-27,598,,6439
2016-03-28,413,,6797
2016-03-29,246,,6734
2016-03-30,603,,6791
2016-03-31,306,,6751
2016-04-01,526,,6575
2016-04-02,1048,,6297
2016-04-03,375,,6207
2016-04-04,807,,6556
2016-04-05,929,,6528
2016-04-06,980,,6523
2016-04-07,177,,6485
2016-04-08,808,,6504
2016-04-09,754,,6243
2016-04-10,229,,6259
2016-04-11,576,,6487
2016-04-12,672,,6483
2016-04-13,886,,6519
2016-04-14,468,,6522
2016-04-15,249,,6398
2016-04-16,421,,6133
2016-04-17,438,,6152
2016-04-18,797,,6560
2016-04-19,387,,6608
2016-04-20,471,,6575
2016-04-21,423,,6629
2016-04-22,546,,6512
2016-04-23,293,,6386
2016-04-24,128,,6392
2016-04-25,54,,6709
2016-04-26,66,,6595
2016-04-27,126,,6565
2016-04-28,220,,6570
2016-04-29,254,,6506
2016-04-30,34,,6275
2016-05-01,79,,6226
2016-05-02,146,,6739
2016-05-03,471,,6832
2016-05-04,452,,6712
2016-05-05,621,,6412
2016-05-06,114,,6295
2016-05-07,635,,6149
2016-05-08,946,,5910
2016-05-09,823,,6246
2016-05-10,589,,6145
2016-05-11,138,,6151
2016-05-12,214,,6194
2016-05-13,50,,6225
2016-05-14,89,,5909
2016-05-15,134,,6025
2016-05-16,643,,6515
2016-05-17,474,,6488
2016-05-18,283,,6563
2016-05-19,384,,6547
2016-05-20,583,,6367
2016-05-21,313,,6042
2016-05-22,299,,6016
2016-05-23,507,,6017
2016-05-24,72,,6336
2016-05-25,115,,6491
2016-05-26,248,,6486
2016-05-27,720,,6381
2016-05-28,623,,6055
2016-05-29,738,,6097
2016-05-30,740,,6454
2016-05-31,201,,6437
2016-06-01,322,,6553
2016-06-02,771,,6593
2016-06-03,536,,6542
2016-06-04,323,,6323
2016-06-05,246,,6307
2016-06-06,611,,6828
2016-06-07,363,,6996
2016-06-08,403,,6832
2016-06-09,909,,6706
2016-06-10,301,,6451
2016-06-11,839,,6080
2016-06-12,1062,,6108
2016-06-13,403,,6583
2016-06-14,755,,6517
2016-06-15,861,,6376
2016-06-16,657,,6452
2016-06-17,801,,6518
2016-06-18,254,,6234
2016-06-19,1035,,6224
2016-06-20,193,,6906
2016-06-21,632,,6843
2016-06-22,236,,6894
2016-06-23,315,,6899
2016-06-24,681,,6739
2016-06-25,945,,6369
2016-06-26,243,,6396
2016-06-27,127,,6958
2016-06-28,236,,7030
2016-06-29,91,,7112
2016-06-30,327,,6975
2016-07-01,93,,6571
2016-07-02,240,,6566
2016-07-03,588,,6517
2016-07-04,391,,6822
2016-07-05,262,,6833
2016-07-06,166,,6806
2016-07-07,384,,6824
2016-07-08,624,,6837
2016-07-09,379,,6530
2016-07-10,312,,6454
2016-07-11,513,,6837
2016-07-12,289,,6861
2016-07-13,140,,6891
2016-07-14,92,,6894
2016-07-15,255,,6806
2016-07-16,60,,6505
2016-07-17,136,,6369
2016-07-18,86,,6857
2016-07-19,623,,6938
2016-07-20,751,,6932
2016-07-21,363,,6919
2016-07-22,364,,6941
2016-07-23,622,,6621
2016-07-24,312,,6695
2016-07-25,210,,7119
2016-07-26,138,,7175
2016-07-27,41,,7162
2016-07-28,82,,7095
2016-07-29,147,,7102
2016-07-30,358,,6556
2016-07-31,179,,6243
2016-08-01,273,,6421
2016-08-02,209,,6845
2016-08-03,440,,6804
2016-08-04,188,,6874
2016-08-05,455,,6905
2016-08-06,343,,6580
2016-08-07,152,,6505
2016-08-08,240,,6814
2016-08-09,199,,6809
2016-08-10,396,,6788
2016-08-11,271,,6860
2016-08-12,114,,6831
2016-08-13,142,,6571
2016-08-14,179,,6558
2016-08-15,54,,6892
2016-08-16,149,,7084
2016-08-17,232,,6855
2016-08-18,239,,6751
2016-08-19,193,,6707
2016-08-20,206,,6546
2016-08-21,624,,6573
2016-08-22,1092,,6847
2016-08-23,723,,6728
2016-08-24,174,,6744
2016-08-25,227,,6747
2016-08-26,216,,6848
2016-08-27,656,,6581
2016-08-28,288,,6413
2016-08-29,290,,6932
2016-08-30,372,,7058
2016-08-31,214,,7071
2016-09-01,653,,6918
2016-09-02,846,,6736
2016-09-03,637,,6340
2016-09-04,183,,6259
2016-09-05,341,,6335
2016-09-06,425,,6728
2016-09-07,604,,6795
2016-09-08,675,,6590
2016-09-09,560,,6587
2016-09-10,923,,6287
2016-09-11,656,,6216
2016-09-12,202,,6639
2016-09-13,439,,6707
2016-09-14,143,,6829
2016-09-15,185,,6829
2016-09-16,584,,6821
2016-09-17,972,,6515
2016-09-18,964,,6399
2016-09-19,527,,6743
2016-09-20,355,,6703
2016-09-21,85,,6621
2016-09-22,324,,6707
2016-09-23,562,,6739
2016-09-24,641,,6506
2016-09-25,487,,6385
2016-09-26,724,,6823
2016-09-27,738,,6753
2016-09-28,232,,6783
2016-09-29,83,,6779
2016-09-30,185,,6734
2016-10-01,406,,6496
2016-10-02,290,,6436
2016-10-03,139,,6793
2016-10-04,216,,6868
2016-10-05,388,,6858
2016-10-06,105,,6954
2016-10-07,390,,7021
2016-10-08,319,,6846
2016-10-09,455,,6802
2016-10-10,104,,6899
2016-10-11,225,,6963
2016-10-12,621,,6952
2016-10-13,808,,6973
2016-10-14,708,,7004
2016-10-15,596,,6798
2016-10-16,731,,6721
2016-10-17,240,,7017
2016-10-18,131,,7019
2016-10-19,616,,6894
2016-10-20,1076,,6913
2016-10-21,676,,6955
2016-10-22,478,,6796
2016-10-23,230,,6819
2016-10-24,94,,7252
2016-10-25,548,,7260
2016-10-26,277,,7157
2016-10-27,592,,7208
2016-10-28,62,,7188
2016-10-29,255,,6948
2016-10-30,454,,6836
2016-10-31,426,,7098
2016-11-01,666,,7310
2016-11-02,851,,7228
2016-11-03,1057,,7134
2016-11-04,860,,7010
2016-11-05,1016,,6752
2016-11-06,790,,6707
2016-11-07,839,,7171
2016-11-08,1033,,7159
2016-11-09,883,,7076
2016-11-10,411,,7143
2016-11-11,789,,6761
2016-11-12,932,,6782
2016-11-13,966,,6733
2016-11-14,867,,7009
2016-11-15,459,,7195
2016-11-16,248,,7268
2016-11-17,50,,7408
2016-11-18,136,,7406
2016-11-19,442,,7241
2016-11-20,377,,7175
2016-11-21,828,,7408
2016-11-22,578,,7590
2016-11-23,661,,7549
2016-11-24,989,,7560
2016-11-25,1069,,7460
2016-11-26,483,,7271
2016-11-27,612,,7266
2016-11-28,123,,7721
2016-11-29,195,,7735
2016-11-30,553,,7730
2016-12-01,206,,7698
2016-12-02,854,,7655
2016-12-03,941,,7305
2016-12-04,614,,7440
2016-12-05,613,,7991
2016-12-06,468,,8129
2016-12-07,240,,8144
2016-12-08,5,,8253
2016-12-09,103,,8232
2016-12-10,60,,8083
2016-12-11,223,,8039
2016-12-12,450,,8144
2016-12-13,560,,8022
2016-12-14,313,,8080
2016-12-15,261,,8203
2016-12-16,189,,8341
2016-12-17,844,,8134
2016-12-18,1225,,7686
2016-12-19,1102,,7813
2016-12-20,1009,,7763
2016-12-21,1158,,7783
2016-12-22,1091,,7650
2016-12-23,262,,7686
2016-12-24,294,,7412
2016-12-25,73,,7335
2016-12-26,885,,7432
2016-12-27,1099,,7392
2016-12-28,1285,,7579
2016-12-29,962,,7572
2016-12-30,741,,7412
2016-12-31,688,,7182
2017-01-01,422,,7282
2017-01-02,23,,7718
2017-01-03,181,,8007
2017-01-04,399,,7821
2017-01-05,530,,7774
2017-01-06,366,,7942
2017-01-07,192,,7764
2017-01-08,92,,7671
2017-01-09,140,,8012
2017-01-10,346,,8117
2017-01-11,826,,8070
2017-01-12,771,,7986
2017-01-13,911,,7772
2017-01-14,989,,7304
2017-01-15,946,,7029
2017-01-16,1049,,7473
2017-01-17,1120,,7337
2017-01-18,1088,,7339
2017-01-19,975,,7386
2017-01-20,505,,7339
2017-01-21,87,,7341
2017-01-22,16,,7429
2017-01-23,6,,7741
2017-01-24,34,,7682
2017-01-25,389,,7605
2017-01-26,810,,7445
2017-01-27,1055,,7333
2017-01-28,1256,,7035
2017-01-29,1100,,6974
2017-01-30,943,,7484
2017-01-31,430,,7631
2017-02-01,217,,7610
2017-02-02,187,,7667
2017-02-03,280,,7702
2017-02-04,57,,7469
2017-02-05,45,,7464
2017-02-06,131,,7933
2017-02-07,125,,7950
2017-02-08,292,,7914
2017-02-09,584,,7794
2017-02-10,953,,7605
2017-02-11,1109,,7228
2017-02-12,1272,,7078
2017-02-13,864,,7312
2017-02-14,972,,7271
2017-02-15,1149,,7223
2017-02-16,1061,,7140
2017-02-17,830,,7096
2017-02-18,202,,6955
2017-02-19,356,,6913
2017-02-20,355,,7023
2017-02-21,52,,7382
2017-02-22,153,,7384
2017-02-23,52,,7443
2017-02-24,89,,7509
2017-02-25,634,,7249
2017-02-26,386,,7227
2017-02-27,155,,7509
2017-02-28,133,,7545
2017-03-01,556,,7476
2017-03-02,622,,7401
2017-03-03,1107,,7268
2017-03-04,781,,7200
2017-03-05,23,,7214
2017-03-06,123,,7486
2017-03-07,251,,7548
2017-03-08,273,,7612
2017-03-09,69,,7671
2017-03-10,214,,7700
2017-03-11,150,,7494
2017-03-12,158,,7327
2017-03-13,802,,7513
2017-03-14,785,,7290
2017-03-15,831,,7180
2017-03-16,601,,7241
2017-03-17,475,,7140
2017-03-18,1158,,6779
2017-03-19,727,,6838
2017-03-20,352,,7309
2017-03-21,677,,7242
2017-03-22,949,,7178
2017-03-23,766,,7234
2017-03-24,491,,7131
2017-03-25,938,,6827
2017-03-26,519,,6725
2017-03-27,487,,7067
2017-03-28,1014,,7187
2017-03-29,576,,7136
2017-03-30,472,,7175
2017-03-31,532,,7093
2017-04-01,891,,6798
2017-04-02,469,,6690
2017-04-03,399,,6922
2017-04-04,541,,6922
2017-04-05,917,,6855
2017-04-06,622,,6861
2017-04-07,659,,6864
2017-04-08,805,,6719
2017-04-09,216,,6698
2017-04-10,811,,6847
2017-04-11,479,,6837
2017-04-12,218,,6903
2017-04-13,374,,6934
2017-04-14,1066,,6679
2017-04-15,914,,6585
2017-04-16,326,,6519
2017-04-17,494,,6858
2017-04-18,659,,6884
2017-04-19,557,,6820
2017-04-20,396,,6901
2017-04-21,432,,6853
2017-04-22,427,,6679
2017-04-23,306,,6657
2017-04-24,137,,6914
2017-04-25,195,,6950
2017-04-26,91,,6971
2017-04-27,41,,6959
2017-04-28,80,,6884
2017-04-29,500,,6546
2017-04-30,761,,6512
2017-05-01,351,,6855
2017-05-02,351,,6782
2017-05-03,725,,6868
2017-05-04,474,,6841
2017-05-05,558,,6906
2017-05-06,609,,6719
2017-05-07,454,,6506
2017-05-08,352,,6798
2017-05-09,155,,6750
2017-05-10,208,,6745
2017-05-11,240,,6784
2017-05-12,709,,6844
2017-05-13,918,,6754
2017-05-14,827,,6638
2017-05-15,521,,6913
2017-05-16,300,,6861
2017-05-17,579,,6762
2017-05-18,470,,6733
2017-05-19,191,,6702
2017-05-20,113,,6328
2017-05-21,301,,6269
2017-05-22,217,,6487
2017-05-23,824,,6999
2017-05-24,1181,,6864
2017-05-25,927,,6761
2017-05-26,257,,6735
2017-05-27,443,,6516
2017-05-28,175,,6428
2017-05-29,162,,6891
2017-05-30,422,,6955
2017-05-31,498,,7087
2017-06-01,783,,7112
2017-06-02,1091,,7005
2017-06-03,349,,6575
2017-06-04,433,,6458
2017-06-05,327,,6751
2017-06-06,383,,6850
2017-06-07,403,,6988
2017-06-08,492,,7017
2017-06-09,1089,,6854
2017-06-10,1047,,6421
2017-06-11,585,,6360
2017-06-12,290,,6842
2017-06-13,270,,6717
2017-06-14,703,,6698
2017-06-15,692,,6672
2017-06-16,855,,6754
2017-06-17,506,,6352
2017-06-18,586,,6325
2017-06-19,232,,6853
2017-06-20,612,,6883
2017-06-21,480,,6801
2017-06-22,488,,6897
2017-06-23,121,,6957
2017-06-24,63,,6706
2017-06-25,276,,6765
2017-06-26,652,,7181
2017-06-27,670,,7002
2017-06-28,429,,6990
2017-06-29,134,,7064
2017-06-30,179,,7105
2017-07-01,230,,6674
2017-07-02,185,,6790
2017-07-03,803,,6962
2017-07-04,277,,7185
2017-07-05,289,,7357
2017-07-06,161,,7471
2017-07-07,183,,7465
2017-07-08,365,,7138
2017-07-09,231,,7139
2017-07-10,325,,7173
2017-07-11,213,,6875
2017-07-12,179,,6905
2017-07-13,430,,7227
2017-07-14,345,,7278
2017-07-15,581,,7075
2017-07-16,896,,6666
2017-07-17,291,,6920
2017-07-18,96,,6943
2017-07-19,134,,7094
2017-07-20,570,,7299
2017-07-21,550,,7029
2017-07-22,268,,6826
2017-07-23,485,,6784
2017-07-24,469,,6899
2017-07-25,110,,7080
2017-07-26,161,,7325
2017-07-27,513,,7468
2017-07-28,288,,7260
2017-07-29,179,,6983
2017-07-30,568,,6867
2017-07-31,206,,7155
2017-08-01,319,,7072
2017-08-02,28,,7083
2017-08-03,249,,7145
2017-08-04,560,,6982
2017-08-05,72,,6555
2017-08-06,82,,6569
2017-08-07,222,,6741
2017-08-08,68,,7043
2017-08-09,143,,7117
2017-08-10,178,,7215
2017-08-11,110,,7195
2017-08-12,326,,6894
2017-08-13,849,,6818
2017-08-14,283,,7058
2017-08-15,154,,6830
2017-08-16,293,,6843
2017-08-17,322,,6991
2017-08-18,762,,7026
2017-08-19,328,,6425
2017-08-20,246,,6340
2017-08-21,99,,6852
2017-08-22,82,,7130
2017-08-23,376,,7274
2017-08-24,792,,7162
2017-08-25,244,,6955
2017-08-26,281,,6674
2017-08-27,239,,6794
2017-08-28,216,,7340
2017-08-29,245,,7289
2017-08-30,333,,7252
2017-08-31,767,,7291
2017-09-01,277,,7090
2017-09-02,559,,6896
2017-09-03,298,,6694
2017-09-04,101,,6750
2017-09-05,339,,7124
2017-09-06,60,,7193
2017-09-07,285,,7319
2017-09-08,462,,7250
2017-09-09,667,,6776
2017-09-10,670,,6628
2017-09-11,947,,7159
2017-09-12,418,,6960
2017-09-13,319,,6914
2017-09-14,87,,7009
2017-09-15,29,,6873
2017-09-16,413,,6557
2017-09-17,587,,6505
2017-09-18,707,,6928
2017-09-19,726,,7013
2017-09-20,864,,6880
2017-09-21,402,,6954
2017-09-22,55,,6919
2017-09-23,55,,6597
2017-09-24,208,,6542
2017-09-25,221,,6895
2017-09-26,270,,6864
2017-09-27,135,,6966
2017-09-28,299,,6946
2017-09-29,781,,6925
2017-09-30,1019,,6620
2017-10-01,845,,6569
2017-10-02,899,,6787
2017-10-03,361,,6689
2017-10-04,167,,6793
2017-10-05,356,,6855
2017-10-06,1109,,6831
2017-10-07,810,,6626
2017-10-08,515,,6630
2017-10-09,865,,6620
2017-10-10,495,,6919
2017-10-11,351,,6997
2017-10-12,230,,7022
2017-10-13,73,,7048
2017-10-14,1027,,6811
2017-10-15,1154,,6632
2017-10-16,1127,,6985
2017-10-17,989,,6808
2017-10-18,909,,6760
2017-10-19,871,,6812
2017-10-20,743,,6904
2017-10-21,951,,6638
2017-10-22,1147,,6617
2017-10-23,1062,,6870
2017-10-24,1193,,6860
2017-10-25,1041,,6950
2017-10-26,400,,7005
2017-10-27,323,,6899
2017-10-28,919,,6637
2017-10-29,787,,6778
2017-10-30,307,,7173
2017-10-31,648,,7136
2017-11-01,384,,7380
2017-11-02,555,,7528
2017-11-03,544,,7564
2017-11-04,104,,7353
2017-11-05,157,,7362
2017-11-06,496,,7643
2017-11-07,565,,7633
2017-11-08,59,,7619
2017-11-09,580,,7728
2017-11-10,621,,7540
2017-11-11,547,,7223
2017-11-12,776,,7208
2017-11-13,843,,7605
2017-11-14,531,,7708
2017-11-15,548,,7830
2017-11-16,485,,7759
2017-11-17,439,,7761
2017-11-18,1063,,7440
2017-11-19,993,,7259
2017-11-20,540,,7608
2017-11-21,412,,7770
2017-11-22,930,,7557
2017-11-23,949,,7414
2017-11-24,1057,,7358
2017-11-25,925,,7164
2017-11-26,969,,7194
2017-11-27,1175,,7501
2017-11-28,1176,,7508
2017-11-29,1215,,7540
2017-11-30,1039,,7600
2017-12-01,1048,,7695
2017-12-02,668,,7457
2017-12-03,247,,7456
2017-12-04,711,,7719
2017-12-05,1093,0.0,7600
2017-12-06,663,0.0,7568
2017-12-07,909,0.0,7455
2017-12-08,936,0.0,7349
2017-12-09,1047,0.0,7140
2017-12-10,1061,0.0,7080
2017-12-11,588,0.0,7461
2017-12-12,1116,0.0,7430
2017-12-13,514,0.0,7515
2017-12-14,712,0.0,7581
2017-12-15,906,0.0,7487
2017-12-16,615,1.0,7370
2017-12-17,1122,0.0,7398
2017-12-18,589,0.0,7797
2017-12-19,291,0.0,7898
2017-12-20,413,0.0,7864
2017-12-21,826,0.0,7914
2017-12-22,328,0.0,7767
2017-12-23,834,0.0,7609
2017-12-24,382,0.0,7573
2017-12-25,90,0.0,7597
2017-12-26,393,0.0,7710
2017-12-27,247,0.0,7961
2017-12-28,155,0.0,8073
2017-12-29,62,0.0,8097
2017-12-30,71,0.0,7994
2017-12-31,236,0.0,7875
2018-01-01,608,0.0,7651
2018-01-02,686,0.0,7640
2018-01-03,603,0.0,7590
2018-01-04,548,0.0,7579
2018-01-05,944,0.0,7576
2018-01-06,994,0.0,7155
2018-01-07,889,0.0,7131
2018-01-08,826,0.0,7564
2018-01-09,741,0.0,7883
2018-01-10,305,1.0,8214
2018-01-11,46,0.0,8337
2018-01-12,230,0.0,8132
2018-01-13,745,1.0,7666
2018-01-14,269,0.0,7478
2018-01-15,672,0.0,7924
2018-01-16,1156,1.0,7660
2018-01-17,988,1.0,7409
2018-01-18,1139,1.0,7330
2018-01-19,1026,1.0,7312
2018-01-20,974,1.0,7159
2018-01-21,1045,1.0,7203
2018-01-22,1026,1.0,7487
2018-01-23,793,1.0,7505
2018-01-24,762,1.0,7450
2018-01-25,606,1.0,7608
2018-01-26,425,1.0,7698
2018-01-27,158,1.0,7578
2018-01-28,240,0.0,7620
2018-01-29,895,0.0,7852
2018-01-30,996,1.0,7794
2018-01-31,305,0.0,8068
2018-02-01,63,1.0,8075
2018-02-02,70,0.0,8090
2018-02-03,441,0.0,7922
2018-02-04,267,0.0,7761
2018-02-05,195,1.0,8019
2018-02-06,463,1.0,8026
2018-02-07,191,1.0,8022
2018-02-08,201,0.0,8105
2018-02-09,200,0.0,8104
2018-02-10,736,0.0,7721
2018-02-11,294,0.0,7734
2018-02-12,915,0.0,8051
2018-02-13,1021,1.0,7655
2018-02-14,811,1.0,7780
2018-02-15,600,3.0,7923
2018-02-16,806,2.0,7825
2018-02-17,258,1.0,7594
2018-02-18,269,1.0,7665
2018-02-19,200,2.0,7636
2018-02-20,439,3.0,7939
2018-02-21,725,2.0,7801
2018-02-22,279,2.0,7732
2018-02-23,1033,4.0,7754
2018-02-24,921,3.0,7291
2018-02-25,939,3.0,7262
2018-02-26,634,4.0,7544
2018-02-27,1112,3.0,7484
2018-02-28,654,4.0,7479
2018-03-01,377,3.0,7604
2018-03-02,482,1.0,7652
2018-03-03,291,3.0,7377
2018-03-04,51,3.0,7301
2018-03-05,87,4.0,7660
2018-03-06,219,4.0,7520
2018-03-07,164,4.0,7501
2018-03-08,430,2.0,7566
2018-03-09,809,3.0,7512
2018-03-10,271,4.0,7152
2018-03-11,179,4.0,7066
2018-03-12,154,4.0,7421
2018-03-13,414,4.0,7354
2018-03-14,430,0.0,7435
2018-03-15,273,1.0,7459
2018-03-16,119,3.0,7314
2018-03-17,16,2.0,7082
2018-03-18,68,3.0,7040
2018-03-19,211,4.0,7353
2018-03-20,710,4.0,7272
2018-03-21,255,3.0,7315
2018-03-22,251,2.0,7481
2018-03-23,777,5.0,7268
2018-03-24,266,3.0,6901
2018-03-25,618,2.0,6950
2018-03-26,1159,5.0,7250
2018-03-27,882,4.0,7342
2018-03-28,146,2.0,7221
2018-03-29,292,3.0,7336
2018-03-30,539,2.0,7260
2018-03-31,206,3.0,7200
2018-04-01,84,4.0,7023
2018-04-02,139,4.0,7238
2018-04-03,224,5.0,7272
2018-04-04,342,5.0,7419
2018-04-05,228,5.0,7473
2018-04-06,279,5.0,7437
2018-04-07,267,3.0,7274
2018-04-08,45,0.0,7122
2018-04-09,653,4.0,7302
2018-04-10,476,4.0,7160
2018-04-11,489,2.0,7244
2018-04-12,133,1.0,7215
2018-04-13,736,3.0,6941
2018-04-14,918,4.0,6592
2018-04-15,312,4.0,6575
2018-04-16,364,1.0,7103
2018-04-17,815,5.0,6850
2018-04-18,374,5.0,6812
2018-04-19,237,5.0,6857
2018-04-20,486,5.0,6755
2018-04-21,1007,1.0,6568
2018-04-22,499,5.0,6498
2018-04-23,169,5.0,6828
2018-04-24,801,5.0,6839
2018-04-25,560,4.0,6848
2018-04-26,268,5.0,6848
2018-04-27,499,5.0,6823
2018-04-28,631,5.0,6558
2018-04-29,909,3.0,6539
2018-04-30,161,5.0,6750
2018-05-01,507,3.0,6583
2018-05-02,520,5.0,6595
2018-05-03,534,5.0,6641
2018-05-04,596,4.0,6599
2018-05-05,180,4.0,6419
2018-05-06,94,5.0,6405
2018-05-07,404,4.0,6715
2018-05-08,501,4.0,6778
2018-05-09,394,2.0,6730
2018-05-10,240,2.0,6816
2018-05-11,106,2.0,6789
2018-05-12,169,5.0,6534
2018-05-13,308,5.0,6505
2018-05-14,456,5.0,6982
2018-05-15,299,5.0,7053
2018-05-16,459,5.0,7028
2018-05-17,691,1.0,6977
2018-05-18,293,4.0,6864
2018-05-19,526,5.0,6577
2018-05-20,733,5.0,6561
2018-05-21,237,5.0,6774
2018-05-22,85,5.0,7232
2018-05-23,147,5.0,7210
2018-05-24,759,4.0,7251
2018-05-25,493,4.0,7212
2018-05-26,612,4.0,6810
2018-05-27,284,5.0,6707
2018-05-28,708,5.0,7240
2018-05-29,494,5.0,6901
2018-05-30,316,4.0,6794
2018-05-31,184,1.0,6788
2018-06-01,341,2.0,6715
2018-06-02,739,5.0,6462
2018-06-03,265,5.0,6374
2018-06-04,935,4.0,6790
2018-06-05,311,5.0,6737
2018-06-06,337,5.0,6844
2018-06-07,302,5.0,7017
2018-06-08,548,5.0,7144
2018-06-09,473,3.0,6701
2018-06-10,1069,2.0,6513
2018-06-11,1204,3.0,6832
2018-06-12,1075,5.0,6751
2018-06-13,634,5.0,6918
2018-06-14,449,3.0,6869
2018-06-15,114,4.0,6777
2018-06-16,391,3.0,6484
2018-06-17,37,4.0,6579
2018-06-18,52,3.0,7038
2018-06-19,71,4.0,7100
2018-06-20,268,5.0,7223
2018-06-21,296,5.0,7375
2018-06-22,404,4.0,7260
2018-06-23,341,2.0,6947
2018-06-24,132,4.0,7094
2018-06-25,808,4.0,7432
2018-06-26,938,5.0,7058
2018-06-27,652,5.0,7031
2018-06-28,311,3.0,7026
2018-06-29,167,3.0,7005
2018-06-30,646,4.0,6700
2018-07-01,693,4.0,6449
2018-07-02,329,2.0,6581
2018-07-03,122,3.0,6966
2018-07-04,131,4.0,7007
2018-07-05,376,5.0,7269
2018-07-06,625,4.0,7374
2018-07-07,894,4.0,6829
2018-07-08,151,5.0,6685
2018-07-09,176,5.0,7322
2018-07-10,461,3.0,7297
2018-07-11,368,5.0,7321
2018-07-12,166,5.0,7442
2018-07-13,560,5.0,7307
2018-07-14,428,4.0,6674
2018-07-15,144,5.0,6943
2018-07-16,181,5.0,7540
2018-07-17,133,3.0,7686
2018-07-18,338,4.0,7537
2018-07-19,163,5.0,7456
2018-07-20,671,5.0,7320
2018-07-21,474,5.0,6765
2018-07-22,350,4.0,6729
2018-07-23,205,5.0,7033
2018-07-24,112,2.0,6946
2018-07-25,37,5.0,7052
2018-07-26,121,4.0,7108
2018-07-27,63,4.0,7087
2018-07-28,56,5.0,6889
2018-07-29,41,5.0,7018
2018-07-30,253,4.0,7425
2018-07-31,169,4.0,7376
2018-08-01,302,4.0,7497
2018-08-02,308,4.0,7387
2018-08-03,527,4.0,7250
2018-08-04,386,3.0,6688
2018-08-05,68,2.0,6691
2018-08-06,313,4.0,6966
2018-08-07,288,4.0,7411
2018-08-08,143,4.0,7481
2018-08-09,244,4.0,7652
2018-08-10,292,4.0,7753
2018-08-11,514,3.0,6983
2018-08-12,442,4.0,6710
2018-08-13,133,5.0,7048
2018-08-14,259,4.0,7312
2018-08-15,204,2.0,7307
2018-08-16,168,3.0,7326
2018-08-17,344,3.0,7330
2018-08-18,519,3.0,6818
2018-08-19,68,3.0,6611
2018-08-20,66,4.0,6987
2018-08-21,280,4.0,7098
2018-08-22,342,3.0,7264
2018-08-23,578,4.0,7215
2018-08-24,475,1.0,6945
2018-08-25,196,3.0,6566
2018-08-26,496,2.0,6512
2018-08-27,697,1.0,6819
2018-08-28,535,3.0,6906
2018-08-29,683,3.0,6941
2018-08-30,496,4.0,6946
2018-08-31,529,4.0,6850
2018-09-01,523,3.0,6474
2018-09-02,271,4.0,6380
2018-09-03,602,2.0,6451
2018-09-04,122,4.0,6645
2018-09-05,192,4.0,6742
2018-09-06,232,4.0,6800
2018-09-07,457,4.0,6877
2018-09-08,722,3.0,6716
2018-09-09,206,3.0,6582
2018-09-10,564,2.0,6906
2018-09-11,169,4.0,6826
2018-09-12,372,3.0,7026
2018-09-13,115,2.0,7100
2018-09-14,120,2.0,7084
2018-09-15,223,1.0,6812
2018-09-16,58,1.0,6760
2018-09-17,206,2.0,6967
2018-09-18,68,1.0,6822
2018-09-19,55,2.0,6782
2018-09-20,118,2.0,6887
2018-09-21,245,2.0,6972
2018-09-22,101,1.0,6850
2018-09-23,151,1.0,6773
2018-09-24,318,2.0,6936
2018-09-25,384,3.0,6924
2018-09-26,538,2.0,6912
2018-09-27,152,1.0,6979
2018-09-28,30,2.0,6923
2018-09-29,330,3.0,6785
2018-09-30,191,1.0,6824
2018-10-01,71,1.0,7050
2018-10-02,94,1.0,7079
2018-10-03,145,2.0,7036
2018-10-04,104,2.0,7026
2018-10-05,398,3.0,7034
2018-10-06,100,4.0,6796
2018-10-07,90,4.0,6842
2018-10-08,203,0.0,6975
2018-10-09,130,0.0,7223
2018-10-10,39,1.0,7230
2018-10-11,268,2.0,7174
2018-10-12,1095,3.0,7221
2018-10-13,337,1.0,7048
2018-10-14,665,3.0,7023
2018-10-15,951,2.0,7236
2018-10-16,389,3.0,7170
2018-10-17,790,3.0,7129
2018-10-18,702,3.0,7100
2018-10-19,189,3.0,7117
2018-10-20,787,3.0,6986
2018-10-21,167,3.0,6998
2018-10-22,420,3.0,7253
2018-10-23,371,3.0,7262
2018-10-24,939,2.0,7261
2018-10-25,987,2.0,7242
2018-10-26,860,2.0,7159
2018-10-27,738,2.0,6836
2018-10-28,679,1.0,6918
2018-10-29,778,2.0,7179
2018-10-30,786,1.0,7239
2018-10-31,796,1.0,7225
2018-11-01,482,1.0,7244
2018-11-02,653,0.0,7364
2018-11-03,720,2.0,7069
2018-11-04,971,1.0,7162
2018-11-05,332,1.0,7502
2018-11-06,30,1.0,7582
2018-11-07,86,0.0,7533
2018-11-08,304,1.0,7578
2018-11-09,1011,0.0,7485
2018-11-10,449,1.0,7093
2018-11-11,155,1.0,7084
2018-11-12,861,1.0,7228
2018-11-13,1150,1.0,7430
2018-11-14,1021,1.0,7298
2018-11-15,866,1.0,7374
2018-11-16,501,0.0,7633
2018-11-17,730,1.0,7442
2018-11-18,683,0.0,7157
2018-11-19,702,1.0,7355
2018-11-20,847,1.0,7292
2018-11-21,1005,1.0,7339
2018-11-22,902,1.0,7328
2018-11-23,411,1.0,7373
2018-11-24,239,0.0,7093
2018-11-25,586,0.0,7090
2018-11-26,1022,0.0,7471
2018-11-27,985,1.0,7347
2018-11-28,858,1.0,7348
2018-11-29,307,1.0,7299
2018-11-30,50,1.0,7316
2018-12-01,74,0.0,7111
2018-12-02,72,0.0,7160
2018-12-03,369,0.0,7520
2018-12-04,903,1.0,7427
2018-12-05,372,0.0,7467
2018-12-06,388,1.0,7576
2018-12-07,967,1.0,7682
2018-12-08,836,1.0,7409
2018-12-09,1009,1.0,7317
2018-12-10,1032,1.0,7524
2018-12-11,1126,1.0,7545
2018-12-12,1113,1.0,7548
2018-12-13,941,0.0,7526
2018-12-14,1163,0.0,7424
2018-12-15,1092,1.0,7147
2018-12-16,647,1.0,7262
2018-12-17,1013,1.0,7493
2018-12-18,1108,0.0,7462
2018-12-19,1089,1.0,7505
2018-12-20,928,0.0,7541
2018-12-21,1155,0.0,7530
2018-12-22,747,1.0,7336
2018-12-23,880,0.0,7373
2018-12-24,78,0.0,7482
2018-12-25,40,0.0,7239
2018-12-26,41,0.0,7296
2018-12-27,25,0.0,7624
2018-12-28,830,1.0,7560
2018-12-29,867,1.0,7319
2018-12-30,655,0.0,7400
2018-12-31,432,0.0,7536
2019-01-01,1108,1.0,7096
2019-01-02,1100,1.0,7263
2019-01-03,809,1.0,7348
2019-01-04,1012,1.0,7452
2019-01-05,368,0.0,7308
2019-01-06,939,0.0,7244
2019-01-07,637,1.0,7721
2019-01-08,376,1.0,7827
2019-01-09,627,0.0,7777
2019-01-10,763,1.0,7689
2019-01-11,885,1.0,7599
2019-01-12,702,1.0,7185
2019-01-13,371,1.0,7188
2019-01-14,376,1.0,7488
2019-01-15,112,0.0,7573
2019-01-16,6,0.0,7748
2019-01-17,44,0.0,7795
2019-01-18,191,0.0,7805
2019-01-19,839,0.0,7573
2019-01-20,421,0.0,7293
2019-01-21,327,0.0,7510
2019-01-22,1077,0.0,7574
2019-01-23,515,0.0,7685
2019-01-24,786,0.0,7728
2019-01-25,766,1.0,7424
2019-01-26,1044,0.0,7110
2019-01-27,1071,1.0,7144
2019-01-28,290,1.0,7566
2019-01-29,352,1.0,7728
2019-01-30,758,1.0,7596
2019-01-31,876,1.0,7563
2019-02-01,334,0.0,7745
2019-02-02,284,0.0,7785
2019-02-03,204,0.0,7821
2019-02-04,1,0.0,8001
2019-02-05,13,0.0,8130
2019-02-06,38,0.0,8082
2019-02-07,222,0.0,8043
2019-02-08,366,0.0,8030
2019-02-09,127,0.0,7896
2019-02-10,103,0.0,7859
2019-02-11,31,0.0,8038
2019-02-12,15,0.0,8061
2019-02-13,26,0.0,8021
2019-02-14,206,0.0,8064
2019-02-15,105,0.0,8016
2019-02-16,473,0.0,7775
2019-02-17,358,0.0,7613
2019-02-18,357,0.0,7732
2019-02-19,812,0.0,7724
2019-02-20,492,0.0,7842
2019-02-21,389,0.0,7817
2019-02-22,918,0.0,7614
2019-02-23,537,0.0,7584
2019-02-24,34,0.0,7635
2019-02-25,40,0.0,7952
2019-02-26,199,0.0,7949
2019-02-27,343,0.0,7675
2019-02-28,219,0.0,7517
2019-03-01,461,0.0,7690
2019-03-02,169,0.0,7678
2019-03-03,275,0.0,7631
2019-03-04,327,0.0,7704
2019-03-05,159,0.0,7677
2019-03-06,226,0.0,7708
2019-03-07,674,0.0,7751
2019-03-08,653,0.0,7642
2019-03-09,171,2.0,7312
2019-03-10,666,4.0,7240
2019-03-11,987,2.0,7370
2019-03-12,464,2.0,7316
2019-03-13,203,4.0,7277
2019-03-14,608,4.0,7324
2019-03-15,781,3.0,7210
2019-03-16,245,4.0,6955
2019-03-17,192,4.0,6920
2019-03-18,263,4.0,7188
2019-03-19,207,4.0,7071
2019-03-20,159,4.0,7027
2019-03-21,196,4.0,7016
2019-03-22,229,4.0,7062
2019-03-23,421,4.0,6841
2019-03-24,145,0.0,6880
2019-03-25,363,2.0,7081
2019-03-26,743,4.0,7024
2019-03-27,231,2.0,6992
2019-03-28,65,5.0,6910
2019-03-29,119,4.0,6887
2019-03-30,555,5.0,6577
2019-03-31,132,2.0,6545
2019-04-01,250,2.0,6755
2019-04-02,209,4.0,6743
2019-04-03,664,3.0,6798
2019-04-04,792,4.0,6826
2019-04-05,258,3.0,6786
2019-04-06,1030,4.0,6672
2019-04-07,820,4.0,6535
2019-04-08,317,4.0,6748
2019-04-09,305,3.0,6669
2019-04-10,424,3.0,6715
2019-04-11,375,3.0,6766
2019-04-12,162,5.0,6689
2019-04-13,764,4.0,6512
2019-04-14,1034,2.0,6580
2019-04-15,603,3.0,6764
2019-04-16,348,4.0,6754
2019-04-17,892,4.0,6777
2019-04-18,746,4.0,6807
2019-04-19,687,2.0,6557
2019-04-20,177,4.0,6475
2019-04-21,288,5.0,6383
2019-04-22,956,4.0,6738
2019-04-23,839,3.0,6787
2019-04-24,542,4.0,6750
2019-04-25,303,5.0,6766
2019-04-26,351,2.0,6758
2019-04-27,748,2.0,6639
2019-04-28,559,5.0,6353
2019-04-29,88,4.0,6681
2019-04-30,219,3.0,6812
2019-05-01,428,5.0,6761
2019-05-02,478,4.0,6773
2019-05-03,790,3.0,6839
2019-05-04,201,1.0,6644
2019-05-05,50,3.0,6534
2019-05-06,97,5.0,6716
2019-05-07,96,3.0,6702
2019-05-08,110,4.0,6712
2019-05-09,169,5.0,6731
2019-05-10,628,3.0,6686
2019-05-11,238,5.0,6396
2019-05-12,535,4.0,6456
2019-05-13,155,3.0,6722
2019-05-14,370,4.0,6640
2019-05-15,691,4.0,6629
2019-05-16,421,3.0,6664
2019-05-17,422,1.0,6568
2019-05-18,297,3.0,6273
2019-05-19,274,5.0,6200
2019-05-20,298,3.0,6368
2019-05-21,189,1.0,6613
2019-05-22,64,4.0,6632
2019-05-23,153,4.0,6589
2019-05-24,324,4.0,6608
2019-05-25,292,3.0,6380
2019-05-26,183,5.0,6361
2019-05-27,68,5.0,6669
2019-05-28,187,5.0,6745
2019-05-29,251,5.0,6946
2019-05-30,588,4.0,6860
2019-05-31,149,2.0,6717
2019-06-01,321,4.0,6679
2019-06-02,542,5.0,6672
2019-06-03,925,4.0,6845
2019-06-04,508,5.0,6762
2019-06-05,532,5.0,6750
2019-06-06,712,3.0,6807
2019-06-07,816,4.0,6754
2019-06-08,354,3.0,6332
2019-06-09,635,4.0,6264
2019-06-10,446,4.0,6647
2019-06-11,132,4.0,6704
2019-06-12,81,5.0,6989
2019-06-13,322,5.0,7122
2019-06-14,309,3.0,6949
2019-06-15,178,5.0,6651
2019-06-16,129,5.0,6612
2019-06-17,172,5.0,7021
2019-06-18,351,3.0,6815
2019-06-19,611,4.0,6642
2019-06-20,224,3.0,6730
2019-06-21,402,4.0,6689
2019-06-22,561,5.0,6380
2019-06-23,392,3.0,6398
2019-06-24,371,3.0,6780
2019-06-25,194,3.0,6813
2019-06-26,88,5.0,6914
2019-06-27,185,2.0,6873
2019-06-28,484,5.0,6840
2019-06-29,792,5.0,6407
2019-06-30,128,4.0,6388
2019-07-01,572,4.0,6340
2019-07-02,145,4.0,6660
2019-07-03,97,3.0,6692
2019-07-04,114,0.0,6694
2019-07-05,40,0.0,6648
2019-07-06,155,1.0,6479
2019-07-07,120,4.0,6422
2019-07-08,119,4.0,6759
2019-07-09,114,4.0,6710
2019-07-10,572,4.0,6836
2019-07-11,498,5.0,6989
2019-07-12,287,5.0,7079
2019-07-13,270,4.0,6890
2019-07-14,370,5.0,6809
2019-07-15,183,4.0,6994
2019-07-16,151,4.0,7012
2019-07-17,441,4.0,7037
2019-07-18,632,3.0,6900
2019-07-19,613,3.0,6798
2019-07-20,300,2.0,6540
2019-07-21,159,5.0,6489
2019-07-22,180,5.0,7026
2019-07-23,115,4.0,7327
2019-07-24,936,4.0,7147
2019-07-25,866,5.0,6976
2019-07-26,276,5.0,7125
2019-07-27,747,4.0,6714
2019-07-28,282,4.0,6578
2019-07-29,154,5.0,7117
2019-07-30,294,4.0,7215
2019-07-31,133,5.0,7177
2019-08-01,261,5.0,7117
2019-08-02,530,4.0,7281
2019-08-03,453,3.0,6754
2019-08-04,92,5.0,6634
2019-08-05,223,5.0,6862
2019-08-06,212,3.0,7040
2019-08-07,139,5.0,7089
2019-08-08,196,5.0,7278
2019-08-09,413,4.0,6965
2019-08-10,108,1.0,6492
2019-08-11,164,1.0,6421
2019-08-12,104,1.0,6743
2019-08-13,38,3.0,6797
2019-08-14,153,3.0,6878
2019-08-15,352,4.0,7002
2019-08-16,434,1.0,6697
2019-08-17,209,4.0,6271
2019-08-18,480,5.0,6339
2019-08-19,277,5.0,6712
2019-08-20,343,4.0,6822
2019-08-21,582,4.0,7153
2019-08-22,308,1.0,7025
2019-08-23,498,4.0,6858
2019-08-24,506,4.0,6629
2019-08-25,201,3.0,6425
2019-08-26,321,3.0,6716
2019-08-27,208,4.0,6759
2019-08-28,465,4.0,6667
2019-08-29,251,4.0,6696
2019-08-30,180,4.0,6682
2019-08-31,123,2.0,6388
2019-09-01,158,3.0,6367
2019-09-02,325,3.0,6414
2019-09-03,154,4.0,6844
2019-09-04,525,4.0,6904
2019-09-05,237,4.0,6901
2019-09-06,303,2.0,6873
2019-09-07,439,4.0,6652
2019-09-08,257,3.0,6549
2019-09-09,262,1.0,6830
2019-09-10,92,1.0,6639
2019-09-11,89,2.0,6621
2019-09-12,510,4.0,6726
2019-09-13,782,3.0,6761
2019-09-14,827,3.0,6445
2019-09-15,369,4.0,6514
2019-09-16,204,2.0,6763
2019-09-17,504,1.0,6740
2019-09-18,125,2.0,6663
2019-09-19,172,1.0,6672
2019-09-20,358,3.0,6655
2019-09-21,409,3.0,6468
2019-09-22,796,4.0,6452
2019-09-23,913,3.0,6715
2019-09-24,783,2.0,6746
2019-09-25,550,3.0,6813
2019-09-26,596,2.0,6908
2019-09-27,475,2.0,6885
2019-09-28,536,1.0,6656
2019-09-29,1096,0.0,6680
2019-09-30,214,0.0,6886
2019-10-01,391,4.0,6816
2019-10-02,818,4.0,6855
2019-10-03,874,4.0,6876
2019-10-04,716,3.0,6841
2019-10-05,1059,3.0,6627
2019-10-06,1073,4.0,6593
2019-10-07,1198,3.0,6931
2019-10-08,740,0.0,7050
2019-10-09,222,1.0,6974
2019-10-10,189,4.0,7021
2019-10-11,314,4.0,6987
2019-10-12,626,4.0,6654
2019-10-13,210,2.0,6522
2019-10-14,424,1.0,6733
2019-10-15,738,2.0,7002
2019-10-16,802,3.0,6848
2019-10-17,1010,1.0,6832
2019-10-18,1110,2.0,6918
2019-10-19,492,3.0,6721
2019-10-20,353,2.0,6697
2019-10-21,715,0.0,7077
2019-10-22,846,0.0,7087
2019-10-23,578,0.0,7001
2019-10-24,1008,0.0,7086
2019-10-25,1120,2.0,7062
2019-10-26,793,1.0,6967
2019-10-27,588,2.0,6889
2019-10-28,920,1.0,7296
2019-10-29,476,3.0,7155
2019-10-30,825,2.0,7169
2019-10-31,782,1.0,7037
2019-11-01,583,2.0,6919
2019-11-02,747,1.0,6690
2019-11-03,254,1.0,6726
2019-11-04,85,1.0,7066
2019-11-05,450,0.0,7125
2019-11-06,355,0.0,7318
2019-11-07,827,0.0,7250
2019-11-08,833,1.0,7058
2019-11-09,507,0.0,7041
2019-11-10,112,0.0,7032
2019-11-11,947,0.0,7222
2019-11-12,776,0.0,7190
2019-11-13,700,1.0,7197
2019-11-14,729,1.0,7367
2019-11-15,1151,1.0,7448
2019-11-16,923,1.0,7062
2019-11-17,1252,1.0,7050
2019-11-18,830,1.0,7232
2019-11-19,344,0.0,7327
2019-11-20,204,0.0,7155
2019-11-21,747,0.0,7271
2019-11-22,1149,1.0,7244
2019-11-23,1285,1.0,6989
2019-11-24,1186,0.0,7022
2019-11-25,423,1.0,7332
2019-11-26,274,1.0,7358
2019-11-27,1073,0.0,7534
2019-11-28,380,0.0,7568
2019-11-29,11,0.0,7616
2019-11-30,404,0.0,7412
2019-12-01,1044,0.0,7329
2019-12-02,1218,1.0,7421
2019-12-03,1182,1.0,7326
2019-12-04,909,1.0,7474
2019-12-05,203,0.0,7562
2019-12-06,446,0.0,7518
2019-12-07,752,0.0,7319
2019-12-08,337,0.0,7319
2019-12-09,503,0.0,7564
2019-12-10,594,0.0,7609
2019-12-11,614,0.0,7777
2019-12-12,611,0.0,7755
2019-12-13,37,0.0,7800
2019-12-14,278,0.0,7524
2019-12-15,471,0.0,7452
2019-12-16,1190,0.0,7708
2019-12-17,1307,0.0,7568
2019-12-18,1208,1.0,7522
2019-12-19,1129,1.0,7571
2019-12-20,1088,1.0,7587
2019-12-21,1122,1.0,7356
2019-12-22,166,1.0,7318
2019-12-23,102,0.0,7533
2019-12-24,442,0.0,7502
2019-12-25,334,0.0,7162
2019-12-26,1002,0.0,7216
2019-12-27,1175,1.0,7398
2019-12-28,667,1.0,7283
2019-12-29,390,0.0,7206
2019-12-30,860,1.0,7454
2019-12-31,1225,1.0,7257
2020-01-01,482,1.0,6989
2020-01-02,975,0.0,7430
2020-01-03,940,0.0,7426
2020-01-04,1279,1.0,7217
2020-01-05,1398,1.0,7206
2020-01-06,651,1.0,7506
2020-01-07,576,0.0,7707
2020-01-08,950,1.0,7757
2020-01-09,252,0.0,7847
2020-01-10,972,0.0,7972
2020-01-11,237,0.0,7690
2020-01-12,451,0.0,7752
2020-01-13,52,0.0,7943
2020-01-14,95,0.0,8029
2020-01-15,36,0.0,8034
2020-01-16,45,0.0,7998
2020-01-17,302,0.0,7969
2020-01-18,165,0.0,7914
2020-01-19,1107,0.0,7689
2020-01-20,1132,0.0,7625
2020-01-21,756,1.0,7466
2020-01-22,1157,1.0,7569
2020-01-23,1091,1.0,7742
2020-01-24,1056,1.0,7558
2020-01-25,901,1.0,7228
2020-01-26,507,0.0,7243
2020-01-27,1046,1.0,7585
2020-01-28,596,1.0,7635
2020-01-29,996,1.0,7691
2020-01-30,1137,1.0,7557
2020-01-31,1098,1.0,7394
2020-02-01,1091,1.0,7162
2020-02-02,579,1.0,7215
2020-02-03,329,1.0,7659
2020-02-04,1111,1.0,7620
2020-02-05,1143,1.0,7440
2020-02-06,603,1.0,7327
2020-02-07,320,2.0,7363
2020-02-08,541,1.0,7217
2020-02-09,1153,1.0,7228
2020-02-10,811,2.0,7423
2020-02-11,1193,0.0,7424
2020-02-12,342,1.0,7577
2020-02-13,1208,2.0,7604
2020-02-14,784,1.0,7457
2020-02-15,887,2.0,7269
2020-02-16,286,2.0,7160
2020-02-17,375,1.0,7419
2020-02-18,148,0.0,7652
2020-02-19,723,2.0,7624
2020-02-20,1326,3.0,7538
2020-02-21,1357,3.0,7389
2020-02-22,1034,2.0,7035
2020-02-23,370,2.0,7080
2020-02-24,191,1.0,7337
2020-02-25,633,3.0,7368
2020-02-26,933,3.0,7196
2020-02-27,1326,3.0,7172
2020-02-28,1125,3.0,7136
2020-02-29,1318,2.0,7214
2020-03-01,862,3.0,7030
2020-03-02,1150,3.0,7216
2020-03-03,1234,4.0,7162
2020-03-04,1158,2.0,7162
2020-03-05,939,1.0,7265
2020-03-06,1051,3.0,7267
2020-03-07,396,1.0,7253
2020-03-08,131,3.0,7197
2020-03-09,503,4.0,7343
2020-03-10,1273,2.0,7370
2020-03-11,904,2.0,7332
2020-03-12,311,3.0,7384
2020-03-13,1087,1.0,7606
2020-03-14,872,1.0,7533
2020-03-15,124,2.0,7382
2020-03-16,365,4.0,7398
2020-03-17,769,3.0,7371
2020-03-18,136,3.0,7439
2020-03-19,196,4.0,7340
2020-03-20,365,5.0,7378
2020-03-21,281,4.0,7053
2020-03-22,522,5.0,6852
2020-03-23,877,2.0,7187
2020-03-24,270,1.0,7201
2020-03-25,152,1.0,7150
2020-03-26,1205,5.0,7142
2020-03-27,1032,4.0,6915
2020-03-28,1196,2.0,6838
2020-03-29,1099,3.0,6801
2020-03-30,444,1.0,7137
2020-03-31,480,2.0,7205
2020-04-01,316,3.0,7145
2020-04-02,97,3.0,7041
2020-04-03,489,2.0,7006
2020-04-04,195,0.0,6707
2020-04-05,281,0.0,6720
2020-04-06,482,3.0,6845
2020-04-07,958,2.0,6788
2020-04-08,448,5.0,6716
2020-04-09,569,4.0,6590
2020-04-10,586,1.0,6380
2020-04-11,561,3.0,6468
2020-04-12,496,3.0,6497
2020-04-13,227,5.0,6607
2020-04-14,430,2.0,6590
2020-04-15,700,3.0,6653
2020-04-16,458,5.0,6486
2020-04-17,1098,3.0,6503
2020-04-18,322,3.0,6200
2020-04-19,648,5.0,6129
2020-04-20,724,4.0,6355
2020-04-21,1173,4.0,6293
2020-04-22,766,4.0,6268
2020-04-23,529,5.0,6302
2020-04-24,509,7.0,6204
2020-04-25,1177,7.0,5998
2020-04-26,1281,10.0,6041
2020-04-27,1266,5.0,6357
2020-04-28,1038,11.0,6265
2020-04-29,602,7.0,6197
2020-04-30,1159,8.0,6221
2020-05-01,517,11.0,6014
2020-05-02,331,15.0,5789
2020-05-03,1312,8.0,5898
2020-05-04,1091,6.0,6173
2020-05-05,280,12.0,5980
2020-05-06,697,5.0,5980
2020-05-07,510,7.0,6084
2020-05-08,777,5.0,6192
2020-05-09,334,10.0,5956
2020-05-10,378,9.0,5985
2020-05-11,336,8.0,6206
2020-05-12,487,8.0,6244
2020-05-13,279,4.0,6242
2020-05-14,859,17.0,6307
2020-05-15,274,16.0,6182
2020-05-16,857,10.0,6001
2020-05-17,423,5.0,5936
2020-05-18,454,5.0,6025
2020-05-19,432,8.0,6185
2020-05-20,301,1.0,6225
2020-05-21,879,1.0,6366
2020-05-22,1110,5.0,6273
2020-05-23,261,7.0,5945
2020-05-24,433,10.0,5949
2020-05-25,923,5.0,6222
2020-05-26,987,3.0,6179
2020-05-27,376,8.0,6113
2020-05-28,335,6.0,6204
2020-05-29,439,5.0,6224
2020-05-30,808,6.0,6155
2020-05-31,1121,5.0,6131
2020-06-01,1059,5.0,6288
2020-06-02,856,6.0,6304
2020-06-03,833,6.0,6313
2020-06-04,255,4.0,6233
2020-06-05,357,5.0,6190
2020-06-06,512,3.0,6019
2020-06-07,816,3.0,6031
2020-06-08,736,5.0,6270
2020-06-09,1107,10.0,6350
2020-06-10,984,11.0,6390
2020-06-11,540,5.0,6470
2020-06-12,530,6.0,6533
2020-06-13,575,5.0,6264
2020-06-14,1368,5.0,6235
2020-06-15,1360,10.0,6436
2020-06-16,665,9.0,6327
2020-06-17,695,2.0,6328
2020-06-18,238,10.0,6308
2020-06-19,186,16.0,6375
2020-06-20,601,18.0,6320
2020-06-21,511,13.0,6290
2020-06-22,371,14.0,6620
2020-06-23,581,20.0,6717
2020-06-24,491,14.0,6646
2020-06-25,294,23.0,6701
2020-06-26,707,19.0,6737
2020-06-27,339,16.0,6355
2020-06-28,496,10.0,6165
2020-06-29,522,10.0,6555
2020-06-30,792,13.0,6558
2020-07-01,1168,23.0,6315
2020-07-02,1332,23.0,6465
2020-07-03,471,28.0,6521
2020-07-04,514,23.0,6232
2020-07-05,167,22.0,6077
2020-07-06,122,21.0,6514
2020-07-07,652,8.0,6496
2020-07-08,973,10.0,6433
2020-07-09,236,24.0,6529
2020-07-10,656,24.0,6578
2020-07-11,553,26.0,6407
2020-07-12,1095,20.0,6361
2020-07-13,663,26.0,6542
2020-07-14,670,30.0,6707
2020-07-15,487,18.0,6705
2020-07-16,555,22.0,6771
2020-07-17,382,20.0,6547
2020-07-18,443,23.0,6239
2020-07-19,243,16.0,6200
2020-07-20,169,23.0,6665
2020-07-21,376,20.0,6783
2020-07-22,363,30.0,6853
2020-07-23,557,22.0,6888
2020-07-24,554,15.0,6599
2020-07-25,267,20.0,6250
2020-07-26,117,23.0,6311
2020-07-27,283,28.0,6952
2020-07-28,666,27.0,7242
2020-07-29,409,28.0,7254
2020-07-30,214,20.0,7226
2020-07-31,350,26.0,7145
2020-08-01,637,22.0,6793
2020-08-02,540,29.0,6730
2020-08-03,864,19.0,6696
2020-08-04,147,29.0,6841
2020-08-05,346,28.0,6947
2020-08-06,663,25.0,7056
2020-08-07,1119,18.0,6695
2020-08-08,929,22.0,6368
2020-08-09,418,27.0,6249
2020-08-10,626,30.0,6659
2020-08-11,288,25.0,6631
2020-08-12,635,21.0,6653
2020-08-13,616,24.0,6770
2020-08-14,492,26.0,6774
2020-08-15,386,29.0,6629
2020-08-16,231,30.0,6777
2020-08-17,367,22.0,7195
2020-08-18,493,27.0,7271
2020-08-19,407,26.0,7087
2020-08-20,551,20.0,7047
2020-08-21,294,29.0,7056
2020-08-22,776,27.0,6613
2020-08-23,283,28.0,6444
2020-08-24,464,23.0,6785
2020-08-25,317,26.0,6699
2020-08-26,218,28.0,6677
2020-08-27,411,28.0,6658
2020-08-28,403,27.0,6624
2020-08-29,781,19.0,6296
2020-08-30,553,26.0,6154
2020-08-31,696,23.0,6492
2020-09-01,1018,26.0,6452
2020-09-02,845,14.0,6377
2020-09-03,338,23.0,6434
2020-09-04,288,25.0,6388
2020-09-05,581,25.0,6141
2020-09-06,246,5.0,6029
2020-09-07,664,16.0,6133
2020-09-08,515,19.0,6348
2020-09-09,102,27.0,6377
2020-09-10,414,27.0,6576
2020-09-11,409,25.0,6563
2020-09-12,406,19.0,6282
2020-09-13,429,12.0,6198
2020-09-14,170,5.0,6475
2020-09-15,208,13.0,6490
2020-09-16,217,18.0,6546
2020-09-17,250,21.0,6557
2020-09-18,457,14.0,6576
2020-09-19,714,7.0,6331
2020-09-20,857,18.0,6383
2020-09-21,652,21.0,6561
2020-09-22,222,13.0,6645
2020-09-23,854,19.0,6647
2020-09-24,1335,20.0,6665
2020-09-25,1254,14.0,6645
2020-09-26,1308,14.0,6324
2020-09-27,791,25.0,6356
2020-09-28,1171,11.0,6774
2020-09-29,833,19.0,6681
2020-09-30,215,18.0,6625
2020-10-01,562,15.0,6652
2020-10-02,243,20.0,6578
2020-10-03,435,21.0,6311
2020-10-04,983,14.0,6296
2020-10-05,814,19.0,6562
2020-10-06,828,13.0,6513
2020-10-07,271,14.0,6509
2020-10-08,952,11.0,6634
2020-10-09,524,12.0,6640
2020-10-10,1263,6.0,6393
2020-10-11,1381,16.0,6395
2020-10-12,511,9.0,6356
2020-10-13,655,3.0,6632
2020-10-14,444,11.0,6664
2020-10-15,646,10.0,6730
2020-10-16,843,5.0,6838
2020-10-17,404,8.0,6717
2020-10-18,69,8.0,6761
2020-10-19,504,6.0,7008
2020-10-20,311,14.0,6940
2020-10-21,660,3.0,7071
2020-10-22,89,7.0,7187
2020-10-23,259,3.0,7154
2020-10-24,390,10.0,7040
2020-10-25,743,13.0,7063
2020-10-26,1176,8.0,7187
2020-10-27,1490,10.0,7166
2020-10-28,481,6.0,7118
2020-10-29,496,9.0,7138
2020-10-30,1441,13.0,7185
2020-10-31,811,17.0,6860
2020-11-01,1228,13.0,6698
2020-11-02,1504,13.0,7018
2020-11-03,1311,8.0,6924
2020-11-04,1283,10.0,7013
2020-11-05,1218,7.0,7086
2020-11-06,134,6.0,7179
2020-11-07,665,1.0,7188
2020-11-08,1083,2.0,7279
2020-11-09,876,11.0,7312
2020-11-10,1169,4.0,7316
2020-11-11,439,7.0,7309
2020-11-12,1400,9.0,7492
2020-11-13,1204,6.0,7435
2020-11-14,1004,8.0,7277
2020-11-15,1210,10.0,7316
2020-11-16,664,10.0,7539
2020-11-17,910,6.0,7488
2020-11-18,936,6.0,7396
2020-11-19,92,4.0,7472
2020-11-20,1056,7.0,7480
2020-11-21,994,9.0,7161
2020-11-22,1086,8.0,7250
2020-11-23,708,8.0,7376
2020-11-24,1413,8.0,7490
2020-11-25,1017,7.0,7315
2020-11-26,1308,8.0,7292
2020-11-27,1343,9.0,7226
2020-11-28,981,7.0,7052
2020-11-29,1437,5.0,7157
2020-11-30,1548,4.0,7266
2020-12-01,706,11.0,7165
2020-12-02,606,10.0,7111
2020-12-03,1351,11.0,7147
2020-12-04,1083,10.0,7156
2020-12-05,1095,9.0,6953
2020-12-06,1431,10.0,6907
2020-12-07,1424,4.0,7121
2020-12-08,1024,4.0,7106
2020-12-09,383,3.0,7158
2020-12-10,279,9.0,7351
2020-12-11,64,1.0,7573
2020-12-12,510,6.0,7385
2020-12-13,223,2.0,7477
2020-12-14,628,4.0,7572
2020-12-15,1311,5.0,7491
2020-12-16,1353,8.0,7360
2020-12-17,1241,6.0,7516
2020-12-18,1103,8.0,7578
2020-12-19,1432,9.0,7153
2020-12-20,1443,6.0,7057
2020-12-21,593,2.0,7292
2020-12-22,815,1.0,7398
2020-12-23,1217,3.0,7514
2020-12-24,1461,5.0,7127
2020-12-25,750,4.0,6958
2020-12-26,202,2.0,6939
2020-12-27,146,1.0,7056
2020-12-28,765,2.0,7292
2020-12-29,778,4.0,7323
2020-12-30,1134,5.0,7312
2020-12-31,800,7.0,7140
2021-01-01,1383,4.0,6918
2021-01-02,1492,7.0,6947
2021-01-03,1357,7.0,6929
2021-01-04,981,7.0,7192
2021-01-05,1296,6.0,7311
2021-01-06,1254,5.0,7219
2021-01-07,219,10.0,7156
2021-01-08,1033,11.0,7322
2021-01-09,1027,10.0,7093
2021-01-10,1394,7.0,7109
2021-01-11,1497,5.0,7331
2021-01-12,1242,4.0,7270
2021-01-13,1264,2.0,7359
2021-01-14,1106,11.0,7295
2021-01-15,1206,4.0,7213
2021-01-16,1163,10.0,6910
2021-01-17,1193,3.0,6990
2021-01-18,703,6.0,7132
2021-01-19,1320,5.0,7245
2021-01-20,1014,12.0,7207
2021-01-21,226,11.0,7187
2021-01-22,207,12.0,7284
2021-01-23,269,6.0,7290
2021-01-24,200,5.0,7373
2021-01-25,148,6.0,7650
2021-01-26,317,6.0,7631
2021-01-27,220,5.0,7599
2021-01-28,14,3.0,7603
2021-01-29,7,4.0,7520
2021-01-30,487,10.0,7383
2021-01-31,1003,8.0,7323
2021-02-01,823,8.0,7466
2021-02-02,886,10.0,7563
2021-02-03,242,9.0,7401
2021-02-04,734,6.0,7567
2021-02-05,296,3.0,7666
2021-02-06,95,5.0,7736
2021-02-07,44,6.0,7712
2021-02-08,135,6.0,7918
2021-02-09,294,7.0,8026
2021-02-10,270,6.0,8043
2021-02-11,433,6.0,8095
2021-02-12,221,6.0,7819
2021-02-13,122,9.0,7630
2021-02-14,727,6.0,7685
2021-02-15,406,14.0,7633
2021-02-16,140,12.0,7597
2021-02-17,189,11.0,7420
2021-02-18,1076,26.0,7539
2021-02-19,1387,31.0,7425
2021-02-20,1482,37.0,7189
2021-02-21,1425,13.0,7084
2021-02-22,1223,22.0,7151
2021-02-23,548,13.0,7242
2021-02-24,840,36.0,7252
2021-02-25,1473,26.0,7345
2021-02-26,813,19.0,7392
2021-02-27,391,25.0,7173
2021-02-28,1325,38.0,7159
2021-03-01,1544,21.0,7200
2021-03-02,1294,33.0,7061
2021-03-03,788,42.0,6929
2021-03-04,386,50.0,6906
2021-03-05,915,41.0,6975
2021-03-06,885,15.0,6852
2021-03-07,1099,37.0,6880
2021-03-08,605,39.0,7023
2021-03-09,478,31.0,7010
2021-03-10,769,20.0,7125
2021-03-11,612,47.0,7105
2021-03-12,907,46.0,7019
2021-03-13,467,43.0,6733
2021-03-14,1079,46.0,6651
2021-03-15,844,47.0,7038
2021-03-16,121,52.0,6821
2021-03-17,484,53.0,6772
2021-03-18,672,52.0,6699
2021-03-19,1253,42.0,6729
2021-03-20,1353,48.0,6581
2021-03-21,880,35.0,6592
2021-03-22,920,27.0,6930
2021-03-23,562,44.0,6891
2021-03-24,923,21.0,6936
2021-03-25,377,26.0,6948
2021-03-26,253,36.0,6815
2021-03-27,798,52.0,6642
2021-03-28,1346,30.0,6650
2021-03-29,904,26.0,6874
2021-03-30,720,40.0,6889
2021-03-31,1234,46.0,6785
2021-04-01,1398,36.0,6513
2021-04-02,663,48.0,6252
2021-04-03,588,45.0,6233
2021-04-04,1122,28.0,6350
2021-04-05,483,59.0,6445
2021-04-06,659,50.0,6508
2021-04-07,1238,28.0,6528
2021-04-08,824,21.0,6598
2021-04-09,1279,40.0,6696
2021-04-10,999,25.0,6612
2021-04-11,433,37.0,6538
2021-04-12,337,47.0,6695
2021-04-13,122,74.0,6608
2021-04-14,102,83.0,6523
2021-04-15,135,73.0,6531
2021-04-16,75,105.0,6487
2021-04-17,301,98.0,6291
2021-04-18,651,18.0,6510
2021-04-19,447,62.0,6567
2021-04-20,220,103.0,6456
2021-04-21,793,97.0,6498
2021-04-22,897,45.0,6609
2021-04-23,54,77.0,6507
2021-04-24,75,51.0,6382
2021-04-25,62,40.0,6279
2021-04-26,626,95.0,6521
2021-04-27,921,97.0,6644
2021-04-28,829,95.0,6554
2021-04-29,880,68.0,6516
2021-04-30,1434,92.0,6510
2021-05-01,863,63.0,6257
2021-05-02,397,77.0,6208
2021-05-03,240,80.0,6472
2021-05-04,312,76.0,6533
2021-05-05,209,89.0,6468
2021-05-06,809,95.0,6468
2021-05-07,1115,29.0,6479
2021-05-08,790,33.0,6388
2021-05-09,147,23.0,6146
2021-05-10,292,89.0,6394
2021-05-11,263,78.0,6413
2021-05-12,248,103.0,6429
2021-05-13,292,70.0,6378
2021-05-14,74,97.0,6382
2021-05-15,237,105.0,6247
2021-05-16,374,109.0,6334
2021-05-17,982,105.0,6700
2021-05-18,1187,100.0,6740
2021-05-19,603,77.0,6740
2021-05-20,403,29.0,6604
2021-05-21,32,44.0,6536
2021-05-22,178,57.0,6200
2021-05-23,232,18.0,6154
2021-05-24,797,41.0,6226
2021-05-25,334,52.0,6421
2021-05-26,734,83.0,6425
2021-05-27,1222,98.0,6634
2021-05-28,1388,85.0,6519
2021-05-29,495,99.0,6228
2021-05-30,331,118.0,6330
2021-05-31,412,106.0,6676
2021-06-01,176,105.0,6940
2021-06-02,276,113.0,7243
2021-06-03,786,110.0,7224
2021-06-04,744,109.0,7001
2021-06-05,1102,105.0,6584
2021-06-06,939,75.0,6509
2021-06-07,1087,104.0,6820
2021-06-08,172,40.0,6699
2021-06-09,127,33.0,6740
2021-06-10,509,33.0,6823
2021-06-11,831,114.0,6693
2021-06-12,859,79.0,6438
2021-06-13,409,95.0,6600
2021-06-14,452,90.0,7309
2021-06-15,930,95.0,7251
2021-06-16,1274,109.0,6941
2021-06-17,892,126.0,6829
2021-06-18,201,124.0,6733
2021-06-19,444,86.0,6490
2021-06-20,275,82.0,6444
2021-06-21,256,116.0,7037
2021-06-22,587,112.0,7338
2021-06-23,430,99.0,7150
2021-06-24,150,51.0,7093
2021-06-25,266,109.0,7230
2021-06-26,304,105.0,7208
2021-06-27,117,106.0,7274
2021-06-28,312,111.0,7850
2021-06-29,287,116.0,8047
2021-06-30,472,117.0,7999
2021-07-01,661,116.0,7746
2021-07-02,712,108.0,7666
2021-07-03,214,105.0,7096
2021-07-04,366,82.0,6717
2021-07-05,215,48.0,6908
2021-07-06,161,81.0,6906
2021-07-07,165,86.0,7130
2021-07-08,70,95.0,7278
2021-07-09,66,101.0,7394
2021-07-10,398,111.0,7229
2021-07-11,461,81.0,6886
2021-07-12,162,101.0,7284
2021-07-13,253,92.0,7427
2021-07-14,475,103.0,7632
2021-07-15,402,96.0,7613
2021-07-16,350,101.0,7356
2021-07-17,443,104.0,6846
2021-07-18,156,52.0,6636
2021-07-19,104,40.0,7023
2021-07-20,174,59.0,7068
2021-07-21,323,69.0,7113
2021-07-22,934,111.0,6996
2021-07-23,805,89.0,7033
2021-07-24,297,100.0,6651
2021-07-25,246,93.0,6664
2021-07-26,361,99.0,7064
2021-07-27,323,82.0,7064
2021-07-28,292,89.0,7174
2021-07-29,396,93.0,7308
2021-07-30,188,87.0,7344
2021-07-31,375,90.0,7103
2021-08-01,532,88.0,7025
2021-08-02,509,40.0,6955
2021-08-03,303,91.0,7324
2021-08-04,145,57.0,7186
2021-08-05,285,92.0,7248
2021-08-06,890,64.0,7073
2021-08-07,902,83.0,6518
2021-08-08,226,18.0,6283
2021-08-09,658,78.0,6806
2021-08-10,975,82.0,6779
2021-08-11,887,101.0,6835
2021-08-12,81,98.0,6916
2021-08-13,305,101.0,7179
2021-08-14,726,85.0,7004
2021-08-15,664,61.0,6855
2021-08-16,831,36.0,6937
2021-08-17,473,9.0,6715
2021-08-18,229,63.0,6640
2021-08-19,333,58.0,6551
2021-08-20,165,55.0,6511
2021-08-21,113,36.0,6262
2021-08-22,622,76.0,6263
2021-08-23,646,75.0,6594
2021-08-24,338,61.0,6533
2021-08-25,459,93.0,6659
2021-08-26,594,81.0,6738
2021-08-27,521,65.0,6651
2021-08-28,471,101.0,6399
2021-08-29,344,106.0,6503
2021-08-30,222,96.0,6830
2021-08-31,666,98.0,6803
2021-09-01,835,79.0,6644
2021-09-02,362,91.0,6592
2021-09-03,195,100.0,6603
2021-09-04,601,96.0,6361
2021-09-05,1095,75.0,6369
2021-09-06,607,94.0,6349
2021-09-07,198,96.0,6473
2021-09-08,670,57.0,6685
2021-09-09,601,91.0,6663
2021-09-10,408,63.0,6613
2021-09-11,275,21.0,6352
2021-09-12,590,52.0,6271
2021-09-13,321,73.0,6431
2021-09-14,748,91.0,6469
2021-09-15,714,54.0,6408
2021-09-16,539,96.0,6452
2021-09-17,971,50.0,6385
2021-09-18,1386,69.0,6219
2021-09-19,931,69.0,6126
2021-09-20,715,83.0,6458
2021-09-21,1230,105.0,6559
2021-09-22,1294,69.0,6589
2021-09-23,469,87.0,6459
2021-09-24,569,91.0,6525
2021-09-25,902,81.0,6270
2021-09-26,1042,68.0,6270
2021-09-27,1051,95.0,6643
2021-09-28,1215,58.0,6555
2021-09-29,1396,105.0,6626
2021-09-30,1361,91.0,6625
2021-10-01,587,86.0,6540
2021-10-02,1186,52.0,6404
2021-10-03,1220,80.0,6300
2021-10-04,241,76.0,6504
2021-10-05,568,65.0,6733
2021-10-06,906,59.0,6818
2021-10-07,516,93.0,6724
2021-10-08,399,92.0,6609
2021-10-09,1254,82.0,6411
2021-10-10,1221,59.0,6456
2021-10-11,396,75.0,6441
2021-10-12,615,98.0,6756
2021-10-13,909,67.0,6771
2021-10-14,921,68.0,6759
2021-10-15,1449,63.0,6767
2021-10-16,1393,51.0,6515
2021-10-17,918,50.0,6451
2021-10-18,521,54.0,6709
2021-10-19,624,67.0,6760
2021-10-20,1002,59.0,6835
2021-10-21,959,73.0,6796
2021-10-22,757,31.0,6797
2021-10-23,1216,14.0,6748
2021-10-24,738,67.0,6617
2021-10-25,1332,23.0,6862
2021-10-26,1573,79.0,6868
2021-10-27,1557,56.0,6886
2021-10-28,798,34.0,6909
2021-10-29,401,4.0,6957
2021-10-30,499,65.0,6857
2021-10-31,99,81.0,6799
2021-11-01,701,75.0,7200
2021-11-02,1343,66.0,7234
2021-11-03,1391,44.0,7216
2021-11-04,1122,42.0,6999
2021-11-05,1411,55.0,6923
2021-11-06,1121,53.0,6838
2021-11-07,1672,69.0,7016
2021-11-08,1250,53.0,7243
2021-11-09,1126,15.0,7307
2021-11-10,1646,41.0,7248
2021-11-11,558,54.0,7077
2021-11-12,1424,13.0,7291
2021-11-13,1399,45.0,6966
2021-11-14,800,18.0,6975
2021-11-15,784,24.0,7256
2021-11-16,1482,40.0,7515
2021-11-17,896,42.0,7416
2021-11-18,1384,7.0,7375
2021-11-19,416,28.0,7241
2021-11-20,1360,27.0,7254
2021-11-21,1279,18.0,7206
2021-11-22,1562,19.0,7288
2021-11-23,1082,11.0,7425
2021-11-24,922,28.0,7413
2021-11-25,1514,15.0,7335
2021-11-26,1543,36.0,7255
2021-11-27,1076,19.0,7070
2021-11-28,1383,14.0,6989
2021-11-29,1137,19.0,7220
2021-11-30,1498,16.0,7335
2021-12-01,926,29.0,7172
2021-12-02,923,14.0,7322
2021-12-03,231,22.0,7427
2021-12-04,550,2.0,7496
2021-12-05,513,6.0,7563
2021-12-06,549,4.0,7787
2021-12-07,1238,7.0,7681
2021-12-08,1435,30.0,7593
2021-12-09,1459,27.0,7664
2021-12-10,1584,36.0,7718
2021-12-11,1503,36.0,7305
2021-12-12,1160,22.0,7349
2021-12-13,603,10.0,7776
2021-12-14,457,9.0,7930
2021-12-15,290,31.0,7935
2021-12-16,1025,10.0,8052
2021-12-17,732,36.0,7981
2021-12-18,1411,10.0,7701
2021-12-19,683,7.0,7580
2021-12-20,520,15.0,7856
2021-12-21,1252,10.0,7771
2021-12-22,1290,11.0,7651
2021-12-23,1211,17.0,7839
2021-12-24,296,15.0,7725
2021-12-25,126,7.0,7674
2021-12-26,211,5.0,7708
2021-12-27,160,10.0,7733
2021-12-28,359,11.0,7902
2021-12-29,560,13.0,8049
2021-12-30,407,8.0,8084
2021-12-31,133,13.0,7957
2022-01-01,1380,17.0,7712
2022-01-02,1261,34.0,7469
2022-01-03,506,13.0,7961
2022-01-04,719,20.0,8133
2022-01-05,57,15.0,8030
2022-01-06,402,8.0,8061
2022-01-07,629,9.0,8011
2022-01-08,672,17.0,7831
2022-01-09,1108,30.0,7776
2022-01-10,1623,20.0,7670
2022-01-11,1560,25.0,7429
2022-01-12,1163,14.0,7389
2022-01-13,1120,19.0,7396
2022-01-14,914,38.0,7418
2022-01-15,1282,27.0,7136
2022-01-16,1136,37.0,7170
2022-01-17,1588,37.0,7562
2022-01-18,544,21.0,7773
2022-01-19,788,55.0,7951
2022-01-20,1712,17.0,7598
2022-01-21,945,40.0,7350
2022-01-22,1501,40.0,7004
2022-01-23,1471,31.0,6912
2022-01-24,554,14.0,7356
2022-01-25,1175,35.0,7354
2022-01-26,1149,22.0,7320
2022-01-27,1047,58.0,7394
2022-01-28,1679,22.0,7384
2022-01-29,1409,34.0,6993
2022-01-30,1540,27.0,6998
2022-01-31,1284,16.0,7630
2022-02-01,267,13.0,7743
2022-02-02,793,26.0,7860
2022-02-03,724,27.0,7789
2022-02-04,1571,17.0,7679
2022-02-05,1341,25.0,7090
2022-02-06,1737,44.0,7059
2022-02-07,1659,59.0,7263
2022-02-08,1588,33.0,7318
2022-02-09,1512,69.0,7227
2022-02-10,1416,36.0,7194
2022-02-11,853,68.0,7264
2022-02-12,1037,52.0,7054
2022-02-13,732,40.0,6885
2022-02-14,600,24.0,7265
2022-02-15,339,15.0,7362
2022-02-16,448,53.0,7445
2022-02-17,1488,38.0,7468
2022-02-18,947,17.0,7438
2022-02-19,1565,20.0,7315
2022-02-20,587,18.0,7402
2022-02-21,166,16.0,7571
2022-02-22,98,22.0,7831
2022-02-23,1071,27.0,7900
2022-02-24,431,40.0,7551
2022-02-25,1403,90.0,7559
2022-02-26,1565,85.0,7242
2022-02-27,1573,67.0,7268
2022-02-28,972,39.0,7448
2022-03-01,593,40.0,7301
2022-03-02,117,9.0,7387
2022-03-03,79,11.0,7376
2022-03-04,368,26.0,7394
2022-03-05,99,60.0,7170
2022-03-06,568,94.0,7118
2022-03-07,1516,49.0,7396
2022-03-08,708,82.0,7499
2022-03-09,632,100.0,7485
2022-03-10,998,109.0,7514
2022-03-11,1193,98.0,7511
2022-03-12,1261,60.0,7049
2022-03-13,565,101.0,7016
2022-03-14,1490,82.0,7323
2022-03-15,1448,91.0,7232
2022-03-16,1284,106.0,7148
2022-03-17,1328,102.0,7095
2022-03-18,1229,92.0,6972
2022-03-19,872,91.0,6702
2022-03-20,1570,77.0,6791
2022-03-21,1369,125.0,7058
2022-03-22,1104,113.0,6935
2022-03-23,1619,62.0,7009
2022-03-24,936,83.0,6939
2022-03-25,575,84.0,7006
2022-03-26,617,104.0,6754
2022-03-27,512,118.0,6608
2022-03-28,791,92.0,7046
2022-03-29,422,121.0,6875
2022-03-30,1609,116.0,7070
2022-03-31,1037,91.0,7000
2022-04-01,808,111.0,6795
2022-04-02,1090,66.0,6713
2022-04-03,1322,70.0,6701
2022-04-04,1680,82.0,6873
2022-04-05,1864,90.0,6974
2022-04-06,1173,120.0,6870
2022-04-07,931,129.0,6792
2022-04-08,1762,92.0,6958
2022-04-09,1345,78.0,6766
2022-04-10,769,118.0,6710
2022-04-11,933,129.0,6956
2022-04-12,1153,58.0,7110
2022-04-13,594,78.0,6998
2022-04-14,266,71.0,6999
2022-04-15,41,95.0,6650
2022-04-16,449,132.0,6652
2022-04-17,281,120.0,6537
2022-04-18,829,132.0,6936
2022-04-19,1582,69.0,7140
2022-04-20,892,106.0,7021
2022-04-21,788,106.0,7058
2022-04-22,468,91.0,6951
2022-04-23,215,131.0,6629
2022-04-24,353,148.0,6591
2022-04-25,940,139.0,6857
2022-04-26,1149,48.0,6917
2022-04-27,1699,98.0,7058
2022-04-28,603,102.0,6882
2022-04-29,237,121.0,6804
2022-04-30,485,128.0,6593
2022-05-01,594,106.0,6558
2022-05-02,494,111.0,6851
2022-05-03,428,147.0,6748
2022-05-04,1436,87.0,6785
2022-05-05,911,72.0,6730
2022-05-06,1835,144.0,6811
2022-05-07,991,104.0,6561
2022-05-08,834,107.0,6633
2022-05-09,497,102.0,6865
2022-05-10,1240,128.0,6958
2022-05-11,456,142.0,6824
2022-05-12,331,109.0,6693
2022-05-13,1087,98.0,6853
2022-05-14,1281,142.0,6751
2022-05-15,851,164.0,6510
2022-05-16,1248,143.0,6830
2022-05-17,1275,109.0,6814
2022-05-18,1123,122.0,6816
2022-05-19,1702,38.0,7017
2022-05-20,1085,92.0,6844
2022-05-21,103,138.0,6378
2022-05-22,271,176.0,6355
2022-05-23,672,178.0,6542
2022-05-24,944,154.0,6668
2022-05-25,1389,152.0,6663
2022-05-26,741,180.0,6581
2022-05-27,1250,132.0,6807
2022-05-28,917,155.0,6553
2022-05-29,624,132.0,6462
2022-05-30,1307,108.0,6801
2022-05-31,192,213.0,6539
2022-06-01,111,186.0,6638
2022-06-02,192,228.0,6746
2022-06-03,627,195.0,6918
2022-06-04,584,110.0,6627
2022-06-05,719,97.0,6522
2022-06-06,831,106.0,6690
2022-06-07,342,108.0,6516
2022-06-08,854,152.0,6736
2022-06-09,911,190.0,6836
2022-06-10,1566,183.0,6941
2022-06-11,1255,137.0,6650
2022-06-12,580,188.0,6420
2022-06-13,1142,36.0,6844
2022-06-14,1868,57.0,6888
2022-06-15,1476,91.0,6805
2022-06-16,511,173.0,6737
2022-06-17,526,175.0,6788
2022-06-18,576,142.0,6619
2022-06-19,464,141.0,6516
2022-06-20,609,73.0,6846
2022-06-21,974,207.0,6978
2022-06-22,1262,203.0,6968
2022-06-23,884,212.0,6771
2022-06-24,985,76.0,6813
2022-06-25,332,266.0,6546
2022-06-26,226,287.0,6572
2022-06-27,169,284.0,6858
2022-06-28,694,249.0,6942
2022-06-29,1237,215.0,7022
2022-06-30,187,266.0,6916
2022-07-01,281,259.0,6691
2022-07-02,343,199.0,6544
2022-07-03,280,83.0,6519
2022-07-04,188,91.0,6869
2022-07-05,640,298.0,6888
2022-07-06,209,200.0,6827
2022-07-07,430,250.0,6956
2022-07-08,571,299.0,7044
2022-07-09,507,291.0,6827
2022-07-10,732,240.0,6803
2022-07-11,485,276.0,7246
2022-07-12,568,295.0,7484
2022-07-13,796,189.0,7367
2022-07-14,265,314.0,7304
2022-07-15,518,305.0,7434
2022-07-16,872,328.0,7211
2022-07-17,324,315.0,6939
2022-07-18,901,64.0,7352
2022-07-19,1263,324.0,7293
2022-07-20,503,336.0,7127
2022-07-21,561,339.0,7300
2022-07-22,571,239.0,7026
2022-07-23,170,291.0,6825
2022-07-24,353,307.0,6890
2022-07-25,325,156.0,7091
2022-07-26,103,246.0,7171
2022-07-27,98,276.0,7403
2022-07-28,294,344.0,7646
2022-07-29,437,254.0,7598
2022-07-30,286,289.0,7103
2022-07-31,343,322.0,6941
2022-08-01,734,311.0,7024
2022-08-02,658,273.0,7124
2022-08-03,931,223.0,7154
2022-08-04,1319,260.0,7117
2022-08-05,578,295.0,6833
2022-08-06,491,328.0,6670
2022-08-07,638,318.0,6961
2022-08-08,764,305.0,7288
2022-08-09,362,309.0,7099
2022-08-10,444,96.0,7154
2022-08-11,600,291.0,7342
2022-08-12,280,279.0,7360
2022-08-13,710,284.0,7276
2022-08-14,512,327.0,6935
2022-08-15,277,293.0,7219
2022-08-16,231,282.0,7220
2022-08-17,356,298.0,7302
2022-08-18,206,310.0,7326
2022-08-19,558,292.0,7395
2022-08-20,449,266.0,6971
2022-08-21,413,240.0,6824
2022-08-22,157,221.0,7135
2022-08-23,301,151.0,6966
2022-08-24,110,193.0,7030
2022-08-25,295,152.0,7038
2022-08-26,760,137.0,7132
2022-08-27,1179,101.0,6641
2022-08-28,926,140.0,6368
2022-08-29,487,145.0,6874
2022-08-30,195,165.0,7183
2022-08-31,334,166.0,7330
2022-09-01,868,140.0,7147
2022-09-02,415,166.0,7067
2022-09-03,652,129.0,6952
2022-09-04,1235,114.0,7020
2022-09-05,1145,129.0,6739
2022-09-06,363,150.0,6656
2022-09-07,1144,148.0,6811
2022-09-08,486,109.0,6568
2022-09-09,339,189.0,6496
2022-09-10,596,218.0,6408
2022-09-11,1239,199.0,6641
2022-09-12,617,76.0,6742
2022-09-13,453,111.0,6694
2022-09-14,168,252.0,6645
2022-09-15,403,246.0,6744
2022-09-16,716,165.0,6897
2022-09-17,514,257.0,6499
2022-09-18,93,230.0,6374
2022-09-19,873,136.0,6780
2022-09-20,316,260.0,6649
2022-09-21,622,285.0,6674
2022-09-22,524,69.0,6662
2022-09-23,1588,192.0,6731
2022-09-24,867,264.0,6415
2022-09-25,466,237.0,6349
2022-09-26,301,242.0,6603
2022-09-27,604,230.0,6734
2022-09-28,271,217.0,6776
2022-09-29,778,124.0,6819
2022-09-30,431,115.0,6680
2022-10-01,212,262.0,6272
2022-10-02,144,243.0,6247
2022-10-03,277,264.0,6491
2022-10-04,462,266.0,6503
2022-10-05,549,232.0,6576
2022-10-06,315,259.0,6563
2022-10-07,207,245.0,6539
2022-10-08,161,275.0,6328
2022-10-09,173,266.0,6275
2022-10-10,1626,156.0,6504
2022-10-11,921,258.0,6604
2022-10-12,571,214.0,6557
2022-10-13,518,260.0,6577
2022-10-14,1090,147.0,6653
2022-10-15,358,250.0,6427
2022-10-16,574,252.0,6353
2022-10-17,952,236.0,6714
2022-10-18,463,226.0,6638
2022-10-19,835,226.0,6775
2022-10-20,1020,91.0,6703
2022-10-21,317,29.0,6694
2022-10-22,650,34.0,6600
2022-10-23,770,41.0,6593
2022-10-24,1531,172.0,6837
2022-10-25,1123,156.0,6811
2022-10-26,1467,208.0,6810
2022-10-27,2000,108.0,6801
2022-10-28,1696,87.0,6842
2022-10-29,1765,137.0,6689
2022-10-30,1892,43.0,6616
2022-10-31,822,70.0,6809
2022-11-01,668,25.0,7032
2022-11-02,1164,42.0,7217
2022-11-03,1141,174.0,7264
2022-11-04,1709,148.0,7239
2022-11-05,1695,53.0,7201
2022-11-06,584,98.0,7078
2022-11-07,742,47.0,7467
2022-11-08,260,158.0,7474
2022-11-09,69,102.0,7492
2022-11-10,980,164.0,7583
2022-11-11,1012,179.0,7329
2022-11-12,519,95.0,7086
2022-11-13,617,148.0,7027
2022-11-14,923,182.0,7264
2022-11-15,1094,133.0,7236
2022-11-16,1173,67.0,7340
2022-11-17,891,160.0,7514
2022-11-18,1416,169.0,7477
2022-11-19,1728,158.0,7144
2022-11-20,1449,81.0,6978
2022-11-21,1523,154.0,7214
2022-11-22,1843,60.0,7276
2022-11-23,1460,130.0,7219
2022-11-24,2053,25.0,7263
2022-11-25,1763,77.0,7281
2022-11-26,1324,147.0,7069
2022-11-27,1633,29.0,7291
2022-11-28,1320,53.0,7776
2022-11-29,458,120.0,7850
2022-11-30,604,38.0,8019
2022-12-01,239,55.0,7938
2022-12-02,169,80.0,7958
2022-12-03,1345,135.0,7643
2022-12-04,1067,120.0,7408
2022-12-05,430,14.0,7762
2022-12-06,412,20.0,7984
2022-12-07,1695,101.0,7761
2022-12-08,1674,79.0,7541
2022-12-09,1290,118.0,7475
2022-12-10,942,76.0,7277
2022-12-11,735,43.0,7365
2022-12-12,221,54.0,7694
2022-12-13,803,117.0,7586
2022-12-14,1015,51.0,7445
2022-12-15,649,100.0,7549
2022-12-16,1450,45.0,7561
2022-12-17,1356,47.0,7668
2022-12-18,438,49.0,7722
2022-12-19,652,101.0,8188
2022-12-20,163,24.0,8263
2022-12-21,384,43.0,8311
2022-12-22,400,82.0,8269
2022-12-23,1088,29.0,7992
2022-12-24,1335,55.0,7535
2022-12-25,1096,93.0,7090
2022-12-26,1670,44.0,7031
2022-12-27,1046,13.0,7217
2022-12-28,569,30.0,7321
2022-12-29,1198,82.0,7382
2022-12-30,1311,72.0,7435
2022-12-31,1049,100.0,7187
2023-01-01,713,128.0,6889
2023-01-02,948,126.0,7113
2023-01-03,1675,130.0,7421
2023-01-04,1548,143.0,7495
2023-01-05,979,85.0,7450
2023-01-06,1945,128.0,7390
2023-01-07,1492,88.0,7158
2023-01-08,1101,49.0,7094
2023-01-09,1183,128.0,7348
2023-01-10,710,122.0,7404
2023-01-11,441,91.0,7440
2023-01-12,1488,47.0,7568
2023-01-13,1458,80.0,7475
2023-01-14,1174,97.0,7135
2023-01-15,80,22.0,7053
2023-01-16,380,29.0,7297
2023-01-17,607,51.0,7194
2023-01-18,1383,121.0,7335
2023-01-19,1010,89.0,7193
2023-01-20,1614,93.0,7257
2023-01-21,1689,147.0,6894
2023-01-22,1590,40.0,7083
2023-01-23,1977,75.0,7417
2023-01-24,1576,67.0,7266
2023-01-25,1407,40.0,7244
2023-01-26,1759,112.0,7302
2023-01-27,845,15.0,7368
2023-01-28,669,85.0,7412
2023-01-29,1071,136.0,7468
2023-01-30,1307,84.0,7606
2023-01-31,1407,82.0,7603
2023-02-01,1351,51.0,7647
2023-02-02,1333,44.0,7660
2023-02-03,1983,101.0,7433
2023-02-04,2120,149.0,7052
2023-02-05,1849,92.0,7037
2023-02-06,1920,163.0,7303
2023-02-07,2030,38.0,7233
2023-02-08,1486,123.0,7170
2023-02-09,1838,161.0,7373
2023-02-10,2192,189.0,7311
2023-02-11,1865,204.0,7017
2023-02-12,1890,151.0,6958
2023-02-13,1480,65.0,7234
2023-02-14,700,212.0,7332
2023-02-15,832,207.0,7313
2023-02-16,1825,109.0,7381
2023-02-17,1574,118.0,7226
2023-02-18,824,172.0,6996
2023-02-19,1421,174.0,7014
2023-02-20,663,66.0,7112
2023-02-21,823,103.0,7570
2023-02-22,318,121.0,7786
2023-02-23,73,132.0,7828
2023-02-24,909,197.0,7847
2023-02-25,1375,223.0,7385
2023-02-26,1761,182.0,7240
2023-02-27,1095,284.0,7383
2023-02-28,732,140.0,7509
2023-03-01,1223,245.0,7277
2023-03-02,1974,267.0,7220
2023-03-03,1535,270.0,7180
2023-03-04,629,345.0,6952
2023-03-05,721,109.0,7088
2023-03-06,660,157.0,7328
2023-03-07,445,243.0,7307
2023-03-08,326,164.0,7387
2023-03-09,835,270.0,7402
2023-03-10,965,137.0,7423
2023-03-11,552,301.0,7077
2023-03-12,913,324.0,7114
2023-03-13,1669,227.0,7362
2023-03-14,1417,324.0,7262
2023-03-15,586,304.0,7133
2023-03-16,610,384.0,7098
2023-03-17,847,389.0,7010
2023-03-18,1137,322.0,6732
2023-03-19,143,390.0,6540
2023-03-20,229,363.0,6818
2023-03-21,288,363.0,6933
2023-03-22,795,311.0,6923
2023-03-23,1560,376.0,6996
2023-03-24,808,349.0,6885
2023-03-25,154,276.0,6616
2023-03-26,178,310.0,6576
2023-03-27,151,256.0,6923
2023-03-28,317,413.0,6923
2023-03-29,677,410.0,6843
2023-03-30,541,387.0,6927
2023-03-31,1958,371.0,6954
2023-04-01,1802,262.0,6629
2023-04-02,1192,170.0,6605
2023-04-03,163,198.0,6683
2023-04-04,120,232.0,6679
2023-04-05,903,411.0,6749
2023-04-06,1679,438.0,6763
2023-04-07,2136,348.0,6537
2023-04-08,2412,345.0,6473
2023-04-09,2420,223.0,6421
2023-04-10,1551,266.0,6646
2023-04-11,1593,317.0,6790
2023-04-12,428,245.0,6749
2023-04-13,107,296.0,6607
2023-04-14,303,375.0,6592
2023-04-15,1239,437.0,6446
2023-04-16,1281,382.0,6375
2023-04-17,1985,312.0,6847
2023-04-18,554,302.0,6625
2023-04-19,738,81.0,6743
2023-04-20,225,140.0,6627
2023-04-21,125,188.0,6611
2023-04-22,905,392.0,6362
2023-04-23,1787,358.0,6481
2023-04-24,1050,282.0,6699
2023-04-25,1719,346.0,6747
2023-04-26,1420,257.0,6648
2023-04-27,1407,420.0,6664
2023-04-28,1044,412.0,6591
2023-04-29,809,468.0,6320
2023-04-30,1717,474.0,6456
2023-05-01,1684,447.0,6755
2023-05-02,536,483.0,6707
2023-05-03,623,476.0,6767
2023-05-04,1327,382.0,7022
2023-05-05,1762,391.0,6925
2023-05-06,1536,134.0,6315
2023-05-07,698,286.0,6126
2023-05-08,723,363.0,6541
2023-05-09,232,352.0,6364
2023-05-10,111,384.0,6521
2023-05-11,213,313.0,6492
2023-05-12,132,454.0,6568
2023-05-13,573,508.0,6420
2023-05-14,1004,433.0,6424
2023-05-15,1232,472.0,6877
2023-05-16,1659,381.0,6653
2023-05-17,668,299.0,6401
2023-05-18,422,515.0,6416
2023-05-19,1462,436.0,6729
2023-05-20,598,340.0,6386
2023-05-21,1303,441.0,6473
2023-05-22,1641,294.0,6568
2023-05-23,1563,474.0,6743
2023-05-24,447,325.0,6395
2023-05-25,466,333.0,6394
2023-05-26,97,447.0,6428
2023-05-27,474,311.0,6479
2023-05-28,490,480.0,6395
2023-05-29,863,412.0,6768
2023-05-30,1006,531.0,6722
2023-05-31,747,428.0,6595
2023-06-01,1226,182.0,6500
2023-06-02,376,455.0,6476
2023-06-03,286,219.0,6299
2023-06-04,560,531.0,6483
2023-06-05,714,525.0,6650
2023-06-06,780,359.0,6557
2023-06-07,268,519.0,6812
2023-06-08,736,447.0,6977
2023-06-09,869,364.0,6900
2023-06-10,1280,425.0,6704
2023-06-11,1137,398.0,6550
2023-06-12,408,454.0,6916
2023-06-13,1299,509.0,7059
2023-06-14,1841,182.0,6687
2023-06-15,1567,338.0,6476
2023-06-16,1869,459.0,6461
2023-06-17,984,396.0,6228
2023-06-18,1405,203.0,6357
2023-06-19,2272,431.0,6485
2023-06-20,1534,234.0,6565
2023-06-21,770,455.0,6512
2023-06-22,314,549.0,6600
2023-06-23,438,534.0,6703
2023-06-24,764,481.0,6694
2023-06-25,716,432.0,6536
2023-06-26,93,500.0,7025
2023-06-27,276,426.0,7087
2023-06-28,272,428.0,7192
2023-06-29,632,508.0,7332
2023-06-30,542,395.0,7183
2023-07-01,1542,518.0,6754
2023-07-02,1191,418.0,6306
2023-07-03,1285,362.0,6504
2023-07-04,241,358.0,6632
2023-07-05,163,509.0,6798
2023-07-06,394,384.0,6926
2023-07-07,185,403.0,6938
2023-07-08,107,512.0,6828
2023-07-09,261,490.0,6970
2023-07-10,898,399.0,7156
2023-07-11,527,373.0,7039
2023-07-12,407,378.0,7011
2023-07-13,778,271.0,7070
2023-07-14,704,345.0,7016
2023-07-15,212,394.0,6781
2023-07-16,657,460.0,6798
2023-07-17,1742,349.0,7140
2023-07-18,1361,413.0,7024
2023-07-19,317,425.0,7000
2023-07-20,440,460.0,7216
2023-07-21,287,415.0,7248
2023-07-22,821,516.0,7164
2023-07-23,851,509.0,7044
2023-07-24,942,446.0,7576
2023-07-25,2193,426.0,7345
2023-07-26,1644,495.0,6930
2023-07-27,557,380.0,6752
2023-07-28,291,204.0,6666
2023-07-29,665,455.0,6664
2023-07-30,1042,395.0,6926
2023-07-31,767,516.0,7140
2023-08-01,680,528.0,7009
2023-08-02,665,444.0,7103
2023-08-03,1195,497.0,7098
2023-08-04,649,443.0,7026
2023-08-05,375,344.0,6644
2023-08-06,325,453.0,6609
2023-08-07,256,410.0,6735
2023-08-08,588,345.0,6852
2023-08-09,1392,243.0,6983
2023-08-10,1499,347.0,6870
2023-08-11,902,464.0,6842
2023-08-12,605,282.0,6521
2023-08-13,301,500.0,6683
2023-08-14,715,487.0,7321
2023-08-15,877,461.0,7333
2023-08-16,733,456.0,7238
2023-08-17,1359,384.0,7459
2023-08-18,1471,266.0,7002
2023-08-19,448,324.0,6325
2023-08-20,804,237.0,6359
2023-08-21,372,138.0,6650
2023-08-22,149,191.0,6696
2023-08-23,1460,396.0,6873
2023-08-24,1397,379.0,6770
2023-08-25,398,428.0,6586
2023-08-26,703,472.0,6639
2023-08-27,172,446.0,6619
2023-08-28,266,458.0,7127
2023-08-29,841,402.0,7295
2023-08-30,1867,199.0,7318
2023-08-31,1679,192.0,7012
2023-09-01,750,379.0,6810
2023-09-02,1620,372.0,6715
2023-09-03,1816,257.0,6513
2023-09-04,469,94.0,6330
2023-09-05,1186,347.0,6702
2023-09-06,403,252.0,6488
2023-09-07,416,446.0,6611
2023-09-08,605,173.0,6617
2023-09-09,403,407.0,6479
2023-09-10,922,467.0,6477
2023-09-11,1450,380.0,6861
2023-09-12,925,369.0,6772
2023-09-13,835,268.0,6732
2023-09-14,713,443.0,6636
2023-09-15,875,447.0,6871
2023-09-16,1065,446.0,6733
2023-09-17,1908,229.0,6741
2023-09-18,1748,286.0,6820
2023-09-19,705,259.0,6688
2023-09-20,723,212.0,6703
2023-09-21,256,415.0,6716
2023-09-22,668,250.0,6757
2023-09-23,1435,329.0,6522
2023-09-24,1460,301.0,6462
2023-09-25,1247,250.0,6750
2023-09-26,1920,265.0,6799
2023-09-27,1442,233.0,6606
2023-09-28,1673,302.0,6654
2023-09-29,657,300.0,6623
2023-09-30,832,55.0,6538
2023-10-01,461,89.0,6366
2023-10-02,1251,177.0,6635
2023-10-03,777,240.0,6614
2023-10-04,1911,94.0,6798
2023-10-05,1246,151.0,6729
2023-10-06,1287,332.0,6712
2023-10-07,917,332.0,6500
2023-10-08,2066,326.0,6606
2023-10-09,1332,317.0,6566
2023-10-10,1275,164.0,6774
2023-10-11,1077,81.0,6805
2023-10-12,728,62.0,6678
2023-10-13,1412,77.0,6796
2023-10-14,2014,249.0,6595
2023-10-15,1552,253.0,6523
2023-10-16,1090,115.0,6741
2023-10-17,2451,160.0,6969
2023-10-18,2300,95.0,6947
2023-10-19,1987,271.0,6881
2023-10-20,926,155.0,6758
2023-10-21,913,98.0,6630
2023-10-22,503,49.0,6673
2023-10-23,1014,20.0,7085
2023-10-24,838,62.0,7143
2023-10-25,160,76.0,7153
2023-10-26,273,91.0,7162
2023-10-27,878,173.0,7206
2023-10-28,1864,105.0,7092
2023-10-29,1430,275.0,6877
2023-10-30,1487,258.0,7132
2023-10-31,1487,229.0,7064
2023-11-01,831,207.0,7113
2023-11-02,959,67.0,7133
2023-11-03,1531,187.0,7154
2023-11-04,1919,28.0,7036
2023-11-05,2056,90.0,7037
2023-11-06,942,140.0,7152
2023-11-07,1609,63.0,7298
2023-11-08,2288,184.0,7290
2023-11-09,1297,194.0,7236
2023-11-10,2470,179.0,7359
2023-11-11,3007,143.0,7151
2023-11-12,1960,185.0,6932
2023-11-13,2575,183.0,7268
2023-11-14,2399,201.0,7351
2023-11-15,1382,38.0,7287
2023-11-16,1867,187.0,7347
2023-11-17,2026,202.0,7237
2023-11-18,2281,183.0,6997
2023-11-19,2267,165.0,7091
2023-11-20,1924,191.0,7452
2023-11-21,2709,30.0,7574
2023-11-22,773,73.0,7406
2023-11-23,166,30.0,7331
2023-11-24,1500,187.0,7444
2023-11-25,1893,115.0,7218
2023-11-26,1230,129.0,7047
2023-11-27,2113,76.0,7347
2023-11-28,1966,188.0,7273
2023-11-29,1712,118.0,7379
2023-11-30,442,103.0,7298
2023-12-01,2330,97.0,7635
2023-12-02,2229,67.0,7456
2023-12-03,2466,107.0,7331
2023-12-04,2608,108.0,7443
2023-12-05,2835,41.0,7444
2023-12-06,1332,100.0,7274
2023-12-07,1044,16.0,7402
2023-12-08,297,21.0,7475
2023-12-09,1824,39.0,7399
2023-12-10,2086,137.0,7315
2023-12-11,1285,64.0,7493
2023-12-12,2085,162.0,7541
2023-12-13,2809,140.0,7493
2023-12-14,1432,41.0,7424
2023-12-15,2320,71.0,7568
2023-12-16,2056,119.0,7285
2023-12-17,2123,137.0,7258
2023-12-18,1587,21.0,7437
2023-12-19,1522,50.0,7590
2023-12-20,2662,93.0,7616
2023-12-21,2411,96.0,7558
2023-12-22,3142,139.0,7583
2023-12-23,2110,98.0,7351
2023-12-24,2285,175.0,7238
2023-12-25,3022,162.0,7214
2023-12-26,3373,155.0,7186
2023-12-27,2374,122.0,7344
2023-12-28,3245,151.0,7412
2023-12-29,992,142.0,7136
2023-12-30,2735,132.0,7208
2023-12-31,2585,134.0,7014
2024-01-01,1643,144.0,6924
2024-01-02,800,82.0,7400
2024-01-03,1095,83.0,7619
2024-01-04,1744,151.0,7605
2024-01-05,1915,161.0,7556
2024-01-06,1360,86.0,7436
2024-01-07,632,86.0,7481
2024-01-08,1404,126.0,7849
2024-01-09,2715,95.0,7996
2024-01-10,1236,58.0,8191
2024-01-11,1014,65.0,8393
2024-01-12,47,129.0,8318
2024-01-13,107,143.0,7932
2024-01-14,88,145.0,7803
2024-01-15,935,149.0,7944
2024-01-16,1405,83.0,7856
2024-01-17,674,29.0,7986
2024-01-18,986,57.0,8115
2024-01-19,1311,71.0,8181
2024-01-20,921,106.0,7675
2024-01-21,201,98.0,7550
2024-01-22,692,64.0,7817
2024-01-23,1812,145.0,7743
2024-01-24,1709,222.0,7552
2024-01-25,2545,193.0,7621
2024-01-26,2319,240.0,7400
2024-01-27,2635,224.0,7146
2024-01-28,2561,90.0,7077
2024-01-29,2574,72.0,7420
2024-01-30,2668,101.0,7391
2024-01-31,1647,208.0,7294
2024-02-01,1815,237.0,7341
2024-02-02,905,223.0,7209
2024-02-03,1913,44.0,7339
2024-02-04,903,90.0,7327
2024-02-05,151,139.0,7417
2024-02-06,156,74.0,7416
2024-02-07,163,75.0,7469
2024-02-08,36,84.0,7405
2024-02-09,449,202.0,7436
2024-02-10,1724,243.0,7319
2024-02-11,1631,214.0,7142
2024-02-12,1377,171.0,7383
2024-02-13,1400,146.0,7489
2024-02-14,809,266.0,7480
2024-02-15,191,219.0,7473
2024-02-16,1689,373.0,7488
2024-02-17,1998,392.0,7155
2024-02-18,1887,334.0,7063
2024-02-19,1005,379.0,7043
2024-02-20,1441,260.0,7279
2024-02-21,1205,377.0,7227
2024-02-22,2720,340.0,7349
2024-02-23,3303,372.0,7369
2024-02-24,2041,145.0,7126
2024-02-25,2283,231.0,7158
2024-02-26,2006,280.0,7657
2024-02-27,123,268.0,7564
2024-02-28,2700,277.0,7739
2024-02-29,2832,313.0,7630
2024-03-01,784,142.0,7496
2024-03-02,1375,111.0,7445
2024-03-03,1270,334.0,7399
2024-03-04,887,300.0,7663
2024-03-05,235,222.0,7570
2024-03-06,244,309.0,7554
2024-03-07,968,452.0,7491
2024-03-08,2230,434.0,7261
2024-03-09,2714,326.0,7028
2024-03-10,3015,369.0,7025
2024-03-11,2177,432.0,7206
2024-03-12,1551,430.0,7177
2024-03-13,841,287.0,7071
2024-03-14,1368,413.0,7043
2024-03-15,1864,378.0,7076
2024-03-16,355,458.0,6628
2024-03-17,2037,516.0,6699
2024-03-18,1932,508.0,6943
2024-03-19,1156,192.0,7024
2024-03-20,865,153.0,7160
2024-03-21,361,200.0,7229
2024-03-22,504,310.0,7235
2024-03-23,1184,248.0,7104
2024-03-24,869,357.0,7037
2024-03-25,2074,424.0,7353
2024-03-26,1561,457.0,7313
2024-03-27,1780,481.0,7181
2024-03-28,1604,327.0,7266
2024-03-29,593,325.0,7043
2024-03-30,720,501.0,6926
2024-03-31,1018,550.0,6819
2024-04-01,1870,567.0,6937
2024-04-02,2355,305.0,6940
2024-04-03,2614,381.0,6967
2024-04-04,1938,128.0,7003
2024-04-05,609,182.0,6872
2024-04-06,882,242.0,6753
2024-04-07,876,323.0,6640
2024-04-08,2202,473.0,6948
2024-04-09,2693,398.0,7029
2024-04-10,1679,524.0,6949
2024-04-11,1743,457.0,6919
2024-04-12,2072,429.0,6906
2024-04-13,1377,581.0,6662
2024-04-14,1183,594.0,6630
2024-04-15,1962,386.0,7069
2024-04-16,2387,197.0,7321
2024-04-17,2915,377.0,7344
2024-04-18,2031,506.0,7226
2024-04-19,492,534.0,6922
2024-04-20,1291,628.0,6742
2024-04-21,3117,367.0,6932
2024-04-22,2791,431.0,7128
2024-04-23,861,602.0,6846
2024-04-24,1983,418.0,6995
2024-04-25,1811,449.0,7014
2024-04-26,1610,350.0,6958
2024-04-27,1927,394.0,6676
2024-04-28,2811,531.0,6685
2024-04-29,2241,399.0,6871
2024-04-30,1802,272.0,6945
2024-05-01,1294,168.0,6875
2024-05-02,1995,233.0,6832
2024-05-03,489,457.0,6627
2024-05-04,1254,615.0,6397
2024-05-05,1670,255.0,6376
2024-05-06,1962,343.0,6789
2024-05-07,2798,76.0,6968
2024-05-08,2111,279.0,6775
2024-05-09,1004,624.0,6603
2024-05-10,1241,618.0,6672
2024-05-11,1521,577.0,6438
2024-05-12,1515,567.0,6461
2024-05-13,615,320.0,6587
2024-05-14,562,431.0,6620
2024-05-15,1228,480.0,6700
2024-05-16,1714,284.0,6709
2024-05-17,2158,184.0,6739
2024-05-18,1912,507.0,6510
2024-05-19,1347,393.0,6397
2024-05-20,1241,307.0,6459
2024-05-21,786,478.0,6649
2024-05-22,1301,318.0,6712
2024-05-23,198,359.0,6679
2024-05-24,416,510.0,6704
2024-05-25,963,501.0,6602
2024-05-26,1912,438.0,6687
2024-05-27,1470,665.0,6852
2024-05-28,1344,575.0,6751
2024-05-29,2556,458.0,6884
2024-05-30,2339,365.0,6793
2024-05-31,1612,486.0,6587
2024-06-01,1104,538.0,6410
2024-06-02,1176,599.0,6370
2024-06-03,2276,425.0,6838
2024-06-04,2550,587.0,6786
2024-06-05,2602,633.0,6764
2024-06-06,1473,704.0,6655
2024-06-07,1366,662.0,6796
2024-06-08,894,433.0,6603
2024-06-09,645,603.0,6581
2024-06-10,1442,470.0,7058
2024-06-11,1665,575.0,7016
2024-06-12,2105,564.0,6923
2024-06-13,873,667.0,6937
2024-06-14,2462,525.0,7089
2024-06-15,1590,378.0,6752
2024-06-16,1913,201.0,6658
2024-06-17,575,415.0,6839
2024-06-18,451,407.0,6754
2024-06-19,115,627.0,6757
2024-06-20,469,646.0,6809
2024-06-21,450,536.0,6917
2024-06-22,553,711.0,6764
2024-06-23,2098,549.0,6832
2024-06-24,1808,637.0,6956
2024-06-25,1193,661.0,6940
2024-06-26,1715,486.0,7121
2024-06-27,2116,139.0,7168
2024-06-28,1640,464.0,6862
2024-06-29,1542,710.0,6641
2024-06-30,1352,302.0,6685
2024-07-01,1318,406.0,6636
2024-07-02,1413,505.0,6891
2024-07-03,1442,353.0,6873
2024-07-04,669,646.0,7002
2024-07-05,623,627.0,7093
2024-07-06,843,585.0,6899
2024-07-07,322,680.0,7115
2024-07-08,506,612.0,7666
2024-07-09,706,689.0,7916
2024-07-10,1370,628.0,8211
2024-07-11,1028,450.0,8006
2024-07-12,1252,509.0,7465
2024-07-13,868,574.0,7140
2024-07-14,833,513.0,7054
2024-07-15,427,602.0,7627
2024-07-16,337,598.0,7900
2024-07-17,1091,533.0,8145
2024-07-18,692,389.0,8208
2024-07-19,185,578.0,8032
2024-07-20,173,560.0,7714
2024-07-21,349,562.0,7907
2024-07-22,1034,518.0,8293
2024-07-23,1815,568.0,8144
2024-07-24,1086,543.0,7872
2024-07-25,2458,435.0,7353
2024-07-26,2674,530.0,7171
2024-07-27,1317,394.0,6748
2024-07-28,1107,540.0,6951
2024-07-29,1691,503.0,7462
2024-07-30,1034,473.0,7476
2024-07-31,1613,644.0,7740
2024-08-01,941,647.0,7519
2024-08-02,1388,595.0,7492
2024-08-03,1774,482.0,7105
2024-08-04,773,372.0,6900
2024-08-05,840,522.0,6858
2024-08-06,732,221.0,6998
2024-08-07,197,296.0,6978
2024-08-08,336,539.0,6966
2024-08-09,810,615.0,7018
2024-08-10,1072,570.0,6824
2024-08-11,902,511.0,6884
2024-08-12,1069,492.0,7305
2024-08-13,471,527.0,7192
2024-08-14,528,533.0,7129
2024-08-15,682,454.0,7200
2024-08-16,1031,211.0,6973
2024-08-17,463,545.0,6689
2024-08-18,518,516.0,6772
2024-08-19,1213,553.0,7362
2024-08-20,1639,494.0,7383
2024-08-21,1377,457.0,7059
2024-08-22,478,521.0,6980
2024-08-23,1897,401.0,7164
2024-08-24,2494,379.0,6842
2024-08-25,1212,562.0,6700
2024-08-26,1552,554.0,7059
2024-08-27,2592,238.0,7108
2024-08-28,1527,68.0,6959
2024-08-29,1912,578.0,6973
2024-08-30,1330,570.0,6963
2024-08-31,759,595.0,6687
2024-09-01,1307,551.0,6825
2024-09-02,385,519.0,6949
2024-09-03,905,517.0,7171
2024-09-04,890,313.0,6868
2024-09-05,532,562.0,6891
2024-09-06,1195,567.0,7114
2024-09-07,806,559.0,6898
2024-09-08,344,520.0,6808
2024-09-09,2172,297.0,6970
2024-09-10,787,381.0,6564
2024-09-11,1370,180.0,6658
2024-09-12,1800,28.0,6735
2024-09-13,2136,295.0,6717
2024-09-14,1726,350.0,6400
2024-09-15,343,438.0,6315
2024-09-16,348,518.0,6651
2024-09-17,445,229.0,6619
2024-09-18,2019,306.0,6692
2024-09-19,1242,395.0,6631
2024-09-20,1490,110.0,6772
2024-09-21,1128,491.0,6395
2024-09-22,1728,309.0,6493
2024-09-23,1408,435.0,6821
2024-09-24,1605,431.0,6958
2024-09-25,2755,412.0,7258
2024-09-26,2312,353.0,6976
2024-09-27,2447,362.0,7000
2024-09-28,889,442.0,6570
2024-09-29,2346,174.0,6671
2024-09-30,2159,429.0,6883
2024-10-01,2173,263.0,6877
2024-10-02,1379,218.0,6795
2024-10-03,853,447.0,6827
2024-10-04,3001,239.0,7050
2024-10-05,2504,370.0,6818
2024-10-06,1174,324.0,6651
2024-10-07,1610,440.0,6977
2024-10-08,2459,228.0,6982
2024-10-09,802,233.0,6842
2024-10-10,721,339.0,6841
2024-10-11,1218,310.0,6885
2024-10-12,456,373.0,6603
2024-10-13,2589,339.0,6743
2024-10-14,2001,319.0,6728
2024-10-15,1020,156.0,6835
2024-10-16,1508,234.0,6963
2024-10-17,1589,311.0,7025
2024-10-18,2355,295.0,7121
2024-10-19,3344,189.0,7085
2024-10-20,2465,275.0,6957
2024-10-21,2120,38.0,7320
2024-10-22,1235,169.0,7212
2024-10-23,1821,361.0,7310
2024-10-24,1941,313.0,7297
2024-10-25,1206,307.0,7232
2024-10-26,2623,185.0,7060
2024-10-27,3061,240.0,7106
2024-10-28,1957,186.0,7237
2024-10-29,826,159.0,7203
2024-10-30,2131,307.0,7255
2024-10-31,921,260.0,7228
2024-11-01,731,211.0,7205
2024-11-02,1347,206.0,7043
2024-11-03,1237,236.0,6944
2024-11-04,2333,103.0,7309
2024-11-05,2673,76.0,7383
2024-11-06,2734,225.0,7242
2024-11-07,2599,281.0,7169
2024-11-08,3041,143.0,7205
2024-11-09,1247,113.0,6930
2024-11-10,1049,97.0,6969
2024-11-11,3318,113.0,7240
2024-11-12,2758,210.0,7326
2024-11-13,2457,84.0,7305
2024-11-14,2214,87.0,7373
2024-11-15,690,51.0,7447
2024-11-16,1696,170.0,7191
2024-11-17,2890,118.0,7212
2024-11-18,1555,40.0,7515
2024-11-19,980,80.0,7626
2024-11-20,349,45.0,7625
2024-11-21,267,28.0,7669
2024-11-22,108,15.0,7742
2024-11-23,1341,13.0,7770
2024-11-24,1283,65.0,7663
2024-11-25,442,34.0,7868
2024-11-26,575,46.0,7860
2024-11-27,681,45.0,7861
2024-11-28,364,23.0,8095
2024-11-29,313,28.0,8149
2024-11-30,787,31.0,8040
2024-12-01,565,38.0,7949
2024-12-02,2252,73.0,8002
2024-12-03,2502,114.0,7795
2024-12-04,1461,72.0,7829
2024-12-05,2094,180.0,7744
2024-12-06,2721,87.0,7702
2024-12-07,2497,81.0,7398
2024-12-08,3013,30.0,7594
2024-12-09,2182,145.0,7676
2024-12-10,1175,86.0,7705
2024-12-11,1101,43.0,7739
2024-12-12,1735,104.0,7865
2024-12-13,2107,141.0,7795
2024-12-14,3106,111.0,7648
2024-12-15,2387,78.0,7711
2024-12-16,430,37.0,7917
2024-12-17,431,35.0,8070
2024-12-18,2421,21.0,8246
2024-12-19,754,110.0,8167
2024-12-20,2315,169.0,7940
2024-12-21,1842,125.0,7553
2024-12-22,2138,135.0,7642
2024-12-23,3036,133.0,7772
2024-12-24,2872,129.0,7583
2024-12-25,2978,177.0,7184
2024-12-26,2200,52.0,7337
2024-12-27,2699,169.0,7521
2024-12-28,1393,97.0,7433
2024-12-29,646,76.0,7442
2024-12-30,740,57.0,7847
2024-12-31,439,33.0,7895
2025-01-01,179,26.0,7759
2025-01-02,57,25.0,8129
2025-01-03,1021,19.0,8344
2025-01-04,1300,33.0,8114
2025-01-05,167,45.0,8017
2025-01-06,222,43.0,8126
2025-01-07,2796,111.0,7939
2025-01-08,3244,117.0,7812
2025-01-09,2238,233.0,7796
2025-01-10,3389,67.0,7865
2025-01-11,2252,59.0,7657
2025-01-12,908,81.0,7547
2025-01-13,2979,133.0,7918
2025-01-14,3165,127.0,7896
2025-01-15,2249,190.0,7701
2025-01-16,3294,141.0,7867
2025-01-17,2016,148.0,7993
2025-01-18,1095,206.0,7969
2025-01-19,792,219.0,8062
2025-01-20,2559,207.0,8238
2025-01-21,3742,146.0,8037
2025-01-22,2586,192.0,7896
2025-01-23,3223,77.0,7947
2025-01-24,3109,162.0,7999
2025-01-25,2525,266.0,7667
2025-01-26,3046,254.0,7703
2025-01-27,3733,288.0,7871
2025-01-28,2412,250.0,7812
2025-01-29,2603,160.0,7834
2025-01-30,1713,235.0,7866
2025-01-31,2018,113.0,8176
2025-02-01,1225,83.0,8064
2025-02-02,1462,151.0,8297
2025-02-03,270,118.0,8429
2025-02-04,206,44.0,8379
2025-02-05,662,101.0,8403
2025-02-06,1600,186.0,8250
2025-02-07,596,192.0,8119
2025-02-08,1620,195.0,7989
2025-02-09,1706,147.0,8060
2025-02-10,1770,302.0,8437
2025-02-11,1415,254.0,8234
2025-02-12,1692,218.0,8242
2025-02-13,755,227.0,8285
2025-02-14,639,143.0,8489
2025-02-15,179,162.0,8243
2025-02-16,504,168.0,8169
2025-02-17,2018,261.0,8384
2025-02-18,1341,217.0,8518
2025-02-19,2694,245.0,8601
2025-02-20,2108,319.0,8103
2025-02-21,2850,280.0,7849
2025-02-22,3015,355.0,7470
2025-02-23,3437,255.0,7413
2025-02-24,2237,421.0,7587
2025-02-25,2379,421.0,7591
2025-02-26,2791,455.0,7635
2025-02-27,3275,274.0,7680
2025-02-28,1312,464.0,7418
2025-03-01,1594,514.0,7115
2025-03-02,1032,508.0,7102
2025-03-03,1388,156.0,7431
2025-03-04,1335,533.0,7404
2025-03-05,711,346.0,7401
2025-03-06,935,540.0,7397
2025-03-07,2337,555.0,7489
2025-03-08,3167,317.0,7300
2025-03-09,3169,286.0,7428
2025-03-10,1738,418.0,7545
2025-03-11,1594,433.0,7544
2025-03-12,1100,398.0,7546
2025-03-13,1971,199.0,7828
2025-03-14,870,364.0,7773
2025-03-15,448,174.0,7668
2025-03-16,650,111.0,7651
2025-03-17,836,415.0,7697
2025-03-18,1486,335.0,7725
2025-03-19,2354,515.0,7692
2025-03-20,2389,303.0,7762
2025-03-21,2590,438.0,7642
2025-03-22,1835,475.0,7248
2025-03-23,2145,411.0,7202
2025-03-24,1688,442.0,7441
2025-03-25,777,335.0,7436
2025-03-26,1310,349.0,7463
2025-03-27,1774,173.0,7678
2025-03-28,413,172.0,7690
2025-03-29,166,158.0,7442
2025-03-30,379,263.0,7329
2025-03-31,1342,219.0,7512
2025-04-01,552,516.0,7241
2025-04-02,908,272.0,7334
2025-04-03,1317,577.0,7425
2025-04-04,641,699.0,7293
2025-04-05,1686,689.0,7082
2025-04-06,1577,686.0,6984
2025-04-07,3199,403.0,7428
2025-04-08,2951,386.0,7278
2025-04-09,2414,492.0,7272
2025-04-10,1950,520.0,7229
2025-04-11,3188,525.0,7368
2025-04-12,2135,414.0,7042
2025-04-13,2123,518.0,7002
2025-04-14,1264,564.0,7125
2025-04-15,2258,557.0,7148
2025-04-16,2500,340.0,7329
2025-04-17,1660,505.0,7225
2025-04-18,1641,707.0,7065
2025-04-19,2588,363.0,7046
2025-04-20,688,260.0,6945
2025-04-21,865,206.0,7392
2025-04-22,612,474.0,7336
2025-04-23,467,625.0,7251
2025-04-24,652,738.0,7175
2025-04-25,3170,714.0,7391
2025-04-26,976,753.0,6904
2025-04-27,2225,419.0,7152
2025-04-28,1660,691.0,7161
2025-04-29,2330,320.0,7195
2025-04-30,892,527.0,7103
2025-05-01,969,779.0,6935
2025-05-02,1718,778.0,7058
2025-05-03,1658,760.0,6935
2025-05-04,2454,354.0,6780
2025-05-05,1353,773.0,6902
2025-05-06,2369,743.0,6999
2025-05-07,2672,652.0,7025
2025-05-08,2698,566.0,7060
2025-05-09,1510,631.0,6909
2025-05-10,1268,671.0,6665
2025-05-11,1483,433.0,6677
2025-05-12,2002,419.0,6998
2025-05-13,938,519.0,6854
2025-05-14,923,624.0,6901
2025-05-15,2045,256.0,6899
2025-05-16,267,513.0,6720
2025-05-17,1273,517.0,6497
2025-05-18,2110,278.0,6545
2025-05-19,1611,466.0,6601
2025-05-20,2356,468.0,6911
2025-05-21,1591,425.0,6867
2025-05-22,499,654.0,6720
2025-05-23,853,418.0,6896
2025-05-24,1533,788.0,6653
2025-05-25,2381,809.0,6805
2025-05-26,2703,567.0,7266
2025-05-27,1356,782.0,7140
2025-05-28,347,834.0,7340
2025-05-29,2518,678.0,7706
2025-05-30,1731,718.0,7186
2025-05-31,2304,674.0,7181
